model,fold,utterance_id,y_true,y_pred,correct,prob_0,prob_1,prob_2,prob_3,prob_4,prob_5,prob_6
Whisper-base,1,03a01Fa.wav,3,3,1,0.003073447849601507,0.008628119714558125,0.21609751880168915,0.4588206708431244,0.004055782686918974,0.28322383761405945,0.026100648567080498
Whisper-base,1,03a01Nc.wav,6,6,1,0.00025256318622268736,0.04646734893321991,0.0026478811632841825,0.0028588511049747467,0.000444997102022171,0.0011587522458285093,0.9461695551872253
Whisper-base,1,03a01Wa.wav,0,0,1,0.9059059023857117,0.009078492410480976,0.028355587273836136,0.019534936174750328,0.02440975420176983,0.004707560874521732,0.008007830008864403
Whisper-base,1,03a02Fc.wav,3,3,1,0.06237615644931793,0.00045710938866250217,0.010392973199486732,0.9130374193191528,0.00198365468531847,0.00993946474045515,0.0018132070545107126
Whisper-base,1,03a02Nc.wav,6,6,1,0.0001697966072242707,0.04195559024810791,0.007553508505225182,0.005401792004704475,0.00039788533467799425,0.004421007353812456,0.940100371837616
Whisper-base,1,03a02Ta.wav,4,4,1,3.6336037737783045e-05,0.43007558584213257,0.014653636142611504,0.00020828424021601677,0.5008490085601807,0.047043390572071075,0.007133770268410444
Whisper-base,1,03a02Wb.wav,0,0,1,0.921366810798645,0.012510168366134167,0.010975685901939869,0.00843180250376463,0.036536768078804016,0.00381724932231009,0.006361551582813263
Whisper-base,1,03a02Wc.wav,0,0,1,0.9197600483894348,0.014003374613821507,0.015549595467746258,0.009047883562743664,0.028453828766942024,0.0036007571034133434,0.00958450697362423
Whisper-base,1,03a04Ad.wav,2,2,1,0.14194968342781067,0.005477176979184151,0.7201763391494751,0.09822969883680344,0.006027262657880783,0.006776633206754923,0.021363284438848495
Whisper-base,1,03a04Fd.wav,3,3,1,0.004535790998488665,0.012896054424345493,0.02168135531246662,0.7400562167167664,0.0026072305627167225,0.1609889268875122,0.05723443999886513
Whisper-base,1,03a04Lc.wav,1,1,1,4.590258686221205e-05,0.9461110234260559,0.001600051298737526,0.00035754306009039283,0.0028419732116162777,0.003832295536994934,0.045211173593997955
Whisper-base,1,03a04Nc.wav,6,6,1,0.0003415903775021434,0.016378575935959816,0.012278972193598747,0.005350878927856684,0.00031407378264702857,0.0012605158844962716,0.9640753865242004
Whisper-base,1,03a04Ta.wav,4,1,0,1.5009647540864535e-05,0.710922122001648,0.0019016743171960115,4.7700559662189335e-05,0.2740848958492279,0.010736958123743534,0.0022916181478649378
Whisper-base,1,03a04Wc.wav,0,0,1,0.874755859375,0.018535668030381203,0.010035927407443523,0.024842191487550735,0.048230696469545364,0.00967977475374937,0.013919905759394169
Whisper-base,1,03a05Aa.wav,2,2,1,0.04445114731788635,0.0061457036063075066,0.6751749515533447,0.18712349236011505,0.019713042303919792,0.051262982189655304,0.016128644347190857
Whisper-base,1,03a05Fc.wav,3,2,0,0.006906533148139715,0.002982089063152671,0.48989275097846985,0.39287182688713074,0.0037844676990062,0.08336181938648224,0.02020055241882801
Whisper-base,1,03a05Nd.wav,6,6,1,0.0001855660229921341,0.053085584193468094,0.018854454159736633,0.0068169706501066685,0.0013886759988963604,0.01475213561207056,0.9049167633056641
Whisper-base,1,03a05Tc.wav,4,1,0,3.792390270973556e-05,0.663386344909668,0.0033839282114058733,0.00010845797805814072,0.31153079867362976,0.01617538183927536,0.005377222318202257
Whisper-base,1,03a05Wa.wav,0,0,1,0.9033659100532532,0.007457742001861334,0.02510632574558258,0.0251170564442873,0.02739608660340309,0.005252303555607796,0.00630462821573019
Whisper-base,1,03a05Wb.wav,0,0,1,0.9289115071296692,0.010561410337686539,0.009841914288699627,0.009382053278386593,0.03298730403184891,0.00308632873930037,0.005229554139077663
Whisper-base,1,03a07Fa.wav,3,2,0,0.001036041066981852,0.004443584941327572,0.6423249244689941,0.12270962446928024,0.0033411169424653053,0.2114029824733734,0.014741701073944569
Whisper-base,1,03a07Fb.wav,3,5,0,0.00078847591066733,0.0028200666420161724,0.014888348057866096,0.11079248785972595,0.0027817736845463514,0.8663592338562012,0.001569603569805622
Whisper-base,1,03a07La.wav,1,1,1,1.2272707863303367e-05,0.9435247778892517,0.0009579540346749127,4.930388604407199e-05,0.04447535425424576,0.007619988638907671,0.0033603643532842398
Whisper-base,1,03a07Nc.wav,6,6,1,0.00010163520346395671,0.08106695115566254,0.004264062270522118,0.0021351920440793037,0.0005430336459539831,0.0020715210121124983,0.9098175764083862
Whisper-base,1,03a07Wc.wav,0,0,1,0.9616271257400513,0.004635137505829334,0.004382035695016384,0.01100501324981451,0.011994779109954834,0.001799262361600995,0.004556596744805574
Whisper-base,1,03b01Fa.wav,3,2,0,0.0033228248357772827,0.001885907375253737,0.7865152955055237,0.1521754264831543,0.003264926141127944,0.04721085727214813,0.00562478369101882
Whisper-base,1,03b01Lb.wav,1,1,1,6.532347470056266e-05,0.9547408223152161,0.0017881231615319848,0.00040884490590542555,0.009201348759233952,0.0092554222792387,0.024540066719055176
Whisper-base,1,03b01Nb.wav,6,6,1,0.00023054680787026882,0.08703342825174332,0.005478939041495323,0.005202574655413628,0.0015151449479162693,0.00943272840231657,0.8911067247390747
Whisper-base,1,03b01Td.wav,4,4,1,1.8529643057263456e-05,0.29860344529151917,0.0023214288521558046,6.543716881424189e-05,0.6729132533073425,0.025018716230988503,0.0010592009639367461
Whisper-base,1,03b01Wa.wav,0,0,1,0.869176983833313,0.013379432260990143,0.043912336230278015,0.020202936604619026,0.036289241164922714,0.006246366538107395,0.010792753659188747
Whisper-base,1,03b01Wc.wav,0,0,1,0.8507480621337891,0.016155311837792397,0.03037799708545208,0.027061661705374718,0.05129136145114899,0.012147125788033009,0.012218508869409561
Whisper-base,1,03b02Aa.wav,2,2,1,0.012496739625930786,0.0060963742434978485,0.8942411541938782,0.027033427730202675,0.011785547249019146,0.03283220902085304,0.015514519065618515
Whisper-base,1,03b02La.wav,1,1,1,2.8626087441807613e-05,0.9465399384498596,0.0013792820973321795,0.00011612987873377278,0.033482275903224945,0.010950012132525444,0.0075038098730146885
Whisper-base,1,03b02Na.wav,6,6,1,0.00021883085719309747,0.036195769906044006,0.006957166362553835,0.003054237924516201,0.0005512162460945547,0.0020390362478792667,0.9509837031364441
Whisper-base,1,03b02Tb.wav,4,4,1,3.5862423828803e-05,0.3567420542240143,0.0035524514969438314,9.786571899894625e-05,0.6104047894477844,0.026455139741301537,0.0027118155267089605
Whisper-base,1,03b02Wb.wav,0,0,1,0.8819519281387329,0.004507624544203281,0.02946525253355503,0.054940927773714066,0.012790964916348457,0.004742439370602369,0.011600902304053307
Whisper-base,1,03b03Nb.wav,6,6,1,0.00022242515115067363,0.1000063568353653,0.016680128872394562,0.009345290251076221,0.0019999544601887465,0.04334954917430878,0.8283962607383728
Whisper-base,1,03b03Tc.wav,4,4,1,7.33088527340442e-05,0.14700134098529816,0.006525356322526932,0.00035943204420618713,0.7335264086723328,0.10988409072160721,0.002630053786560893
Whisper-base,1,03b03Wc.wav,0,0,1,0.8403813242912292,0.006796942092478275,0.02086971513926983,0.07061857730150223,0.028756266459822655,0.022831538692116737,0.009745683521032333
Whisper-base,1,03b09La.wav,1,1,1,0.00016483993385918438,0.8932583332061768,0.0028071803972125053,0.00156090606469661,0.005364942830055952,0.00942957028746605,0.08741413801908493
Whisper-base,1,03b09Nc.wav,6,6,1,0.00018913266831077635,0.05405309796333313,0.01174128707498312,0.005008120089769363,0.0012613143771886826,0.007237130310386419,0.920509934425354
Whisper-base,1,03b09Tc.wav,4,4,1,4.157075090915896e-05,0.25576290488243103,0.004134022165089846,0.00019109819550067186,0.6569514870643616,0.08158722519874573,0.0013316761469468474
Whisper-base,1,03b09Wa.wav,0,0,1,0.8882886171340942,0.007326113525778055,0.03025120496749878,0.03532840684056282,0.02225416712462902,0.0070661259815096855,0.009485326707363129
Whisper-base,1,03b10Ab.wav,2,0,0,0.6501340866088867,0.023577293381094933,0.18626654148101807,0.029414141550660133,0.06587038189172745,0.02495126985013485,0.019786326214671135
Whisper-base,1,03b10Ec.wav,5,1,0,0.00015838132821954787,0.6390513181686401,0.010678024031221867,0.0013132233871147037,0.09886683523654938,0.2468579262495041,0.0030742797534912825
Whisper-base,1,03b10Na.wav,6,6,1,0.0003023524768650532,0.016540156677365303,0.016299637034535408,0.006608196068555117,0.00039127314812503755,0.0023016431368887424,0.9575567841529846
Whisper-base,1,03b10Nc.wav,6,6,1,0.0003507134097162634,0.0330207459628582,0.05169588327407837,0.014547714032232761,0.000784194387961179,0.010594078339636326,0.8890066146850586
Whisper-base,1,03b10Wb.wav,0,0,1,0.8915359377861023,0.021245166659355164,0.01780308037996292,0.0074105653911828995,0.04738830775022507,0.004669222980737686,0.009947690181434155
Whisper-base,1,03b10Wc.wav,0,0,1,0.76493239402771,0.04732082784175873,0.033481843769550323,0.010710587725043297,0.11220794916152954,0.010921834968030453,0.020424608141183853
Whisper-base,2,08a01Ab.wav,2,3,0,0.00042518432019278407,0.006605691276490688,0.029046224430203438,0.7306877374649048,0.0006637033657170832,0.22371938824653625,0.008852113038301468
Whisper-base,2,08a01Fd.wav,3,5,0,0.00011502503912197426,0.015204796567559242,0.06918670237064362,0.13297072052955627,0.0012909305514767766,0.7772437334060669,0.003988012671470642
Whisper-base,2,08a01Lc.wav,1,6,0,0.0006513886037282646,0.2411486655473709,0.0006463194731622934,0.016964394599199295,0.00084625871386379,0.00560656888410449,0.7341364026069641
Whisper-base,2,08a01Na.wav,6,6,1,0.0005993938539177179,0.046105727553367615,0.00017528737953398377,0.03125768527388573,0.00022115165484137833,0.0027892182115465403,0.9188516139984131
Whisper-base,2,08a01Wa.wav,0,0,1,0.8795701861381531,0.003018103539943695,0.03843860700726509,0.05761871486902237,0.003403301117941737,0.005154061131179333,0.012796974740922451
Whisper-base,2,08a01Wc.wav,0,0,1,0.9374457597732544,0.001358049688860774,0.038730815052986145,0.011929606087505817,0.0042990464717149734,0.003634328953921795,0.002602415857836604
Whisper-base,2,08a02Ab.wav,2,2,1,0.01926851086318493,0.0036080917343497276,0.8285710215568542,0.09876561164855957,0.003773869713768363,0.044625964015722275,0.0013869741233065724
Whisper-base,2,08a02Ac.wav,2,2,1,0.21870961785316467,0.005358909256756306,0.6782939434051514,0.06214336305856705,0.007155082654207945,0.023363443091511726,0.004975578747689724
Whisper-base,2,08a02Fe.wav,3,3,1,0.0003035449481103569,0.007866845466196537,0.0257189329713583,0.7200053930282593,0.00067081832094118,0.23284024000167847,0.012594222091138363
Whisper-base,2,08a02La.wav,1,1,1,6.14166128798388e-05,0.8700222373008728,0.005236878991127014,0.002102502156049013,0.004984879866242409,0.04260268062353134,0.07498941570520401
Whisper-base,2,08a02Na.wav,6,6,1,0.0007348806830123067,0.10008454322814941,0.00105885392986238,0.06959788501262665,0.0004991912865079939,0.023702621459960938,0.8043220043182373
Whisper-base,2,08a02Tb.wav,4,4,1,7.188048130046809e-07,0.03099898062646389,0.0008941624546423554,8.067174348980188e-06,0.9605903625488281,0.007420651149004698,8.706975495442748e-05
Whisper-base,2,08a02Wc.wav,0,0,1,0.9307078123092651,0.0016503450460731983,0.03003464639186859,0.024406075477600098,0.003356656525284052,0.004165205638855696,0.005679278634488583
Whisper-base,2,08a04Ff.wav,3,3,1,0.00038235363899730146,0.009824984706938267,0.014311855658888817,0.6648278832435608,0.0004567245196085423,0.2927197515964508,0.017476486042141914
Whisper-base,2,08a04La.wav,1,5,0,1.8854580048355274e-05,0.35108622908592224,0.07489670813083649,0.0034689235035330057,0.0786445289850235,0.48743492364883423,0.00444983784109354
Whisper-base,2,08a04Nc.wav,6,6,1,0.0004794113046955317,0.07860324531793594,0.0002668325905688107,0.02353193238377571,0.0004719787393696606,0.005822096019983292,0.8908244371414185
Whisper-base,2,08a04Tb.wav,4,4,1,1.4337232414618484e-06,0.044971778988838196,0.001430103904567659,1.5294024706236087e-05,0.9447845816612244,0.00859979446977377,0.00019698473624885082
Whisper-base,2,08a04Wc.wav,0,0,1,0.9342283010482788,0.0014995282981544733,0.03737383708357811,0.016690148040652275,0.0031838153954595327,0.0027526728808879852,0.004271758254617453
Whisper-base,2,08a05Fe.wav,3,3,1,0.0006968496600165963,0.04430769011378288,0.005276317708194256,0.5963141322135925,0.0009788842871785164,0.18257734179496765,0.1698487251996994
Whisper-base,2,08a05Lc.wav,1,5,0,4.435075243236497e-05,0.40882232785224915,0.01840626262128353,0.0035163424909114838,0.0368025042116642,0.5208532214164734,0.011555004864931107
Whisper-base,2,08a05Nb.wav,6,6,1,0.0005708017270080745,0.06807000190019608,0.0001632183266337961,0.023639509454369545,0.0003509745583869517,0.003526590298861265,0.9036788940429688
Whisper-base,2,08a05Ta.wav,4,4,1,2.4865296381904045e-06,0.02737891860306263,0.001071228994987905,1.8735483536147512e-05,0.9632569551467896,0.008093193173408508,0.00017845303227659315
Whisper-base,2,08a05Wa.wav,0,0,1,0.8402348160743713,0.003963930066674948,0.08110874146223068,0.04979914426803589,0.006936562713235617,0.007405597250908613,0.010551204904913902
Whisper-base,2,08a07Fd.wav,3,3,1,0.0007711104117333889,0.034631505608558655,0.002379830926656723,0.5811891555786133,0.0004393654817249626,0.0796603187918663,0.30092865228652954
Whisper-base,2,08a07La.wav,1,6,0,0.0008238322334364057,0.11990267038345337,0.0003219878126401454,0.023244192823767662,0.0008286735392175615,0.009482509456574917,0.8453961610794067
Whisper-base,2,08a07Na.wav,6,6,1,0.0010514035820960999,0.0632934644818306,0.0005909369792789221,0.07242472469806671,0.0003194098244421184,0.01876440830528736,0.8435556888580322
Whisper-base,2,08a07Ta.wav,4,4,1,2.040753770415904e-06,0.04719991236925125,0.0012627581600099802,2.029133975156583e-05,0.9388225078582764,0.012409403920173645,0.00028313856455497444
Whisper-base,2,08a07Tb.wav,4,4,1,1.4362971114678658e-06,0.032832615077495575,0.0009521974134258926,1.3105156540405005e-05,0.9576374292373657,0.0083992388099432,0.00016391908866353333
Whisper-base,2,08a07Wc.wav,0,0,1,0.9295011758804321,0.0015804269351065159,0.035865120589733124,0.01878458820283413,0.00481604365631938,0.005548648536205292,0.003903961507603526
Whisper-base,2,08b01Aa.wav,2,2,1,0.011734813451766968,0.003579789539799094,0.9233777523040771,0.015588384121656418,0.005933861713856459,0.039264608174562454,0.0005207785870879889
Whisper-base,2,08b01Fd.wav,3,3,1,0.0009134049178101122,0.004792915657162666,0.0069143157452344894,0.9049336314201355,0.0005583532620221376,0.0632886067032814,0.018598780035972595
Whisper-base,2,08b01Fe.wav,3,5,0,0.000583145534619689,0.01941157504916191,0.03389208763837814,0.39940598607063293,0.001137292361818254,0.5332769751548767,0.012292895466089249
Whisper-base,2,08b01Lb.wav,1,1,1,2.422794023004826e-05,0.7322759628295898,0.01452674437314272,0.001204423839226365,0.04321032017469406,0.20136955380439758,0.007388805039227009
Whisper-base,2,08b01Na.wav,6,6,1,0.0006387444445863366,0.0698314905166626,0.0010287162149325013,0.1488473117351532,0.00037112380960024893,0.03944060951471329,0.7398419976234436
Whisper-base,2,08b01Wa.wav,0,0,1,0.9053801894187927,0.0029212941881269217,0.0202852301299572,0.046826109290122986,0.005425811745226383,0.005982411094009876,0.013178921304643154
Whisper-base,2,08b02Ff.wav,3,3,1,0.0008245161734521389,0.0031699668616056442,0.0016222258564084768,0.9347177147865295,0.00021592970006167889,0.024595148861408234,0.03485449403524399
Whisper-base,2,08b02La.wav,1,1,1,2.0633844542317092e-05,0.9252970814704895,0.006550577934831381,0.0006197252660058439,0.022694146260619164,0.0328589491546154,0.011958975344896317
Whisper-base,2,08b02Nb.wav,6,6,1,0.0012099859304726124,0.05292782187461853,0.00038410010165534914,0.062364209443330765,0.00025938800536096096,0.006676142103970051,0.8761783838272095
Whisper-base,2,08b02Tc.wav,4,4,1,9.473105819779448e-06,0.08974312990903854,0.0030949260108172894,9.987561497837305e-05,0.881925642490387,0.02415403723716736,0.0009729110752232373
Whisper-base,2,08b02Wd.wav,0,0,1,0.8118014931678772,0.003986244555562735,0.05476037412881851,0.09648359566926956,0.006210298743098974,0.012041010893881321,0.01471698097884655
Whisper-base,2,08b03Fe.wav,3,3,1,0.0006327943410724401,0.008000464178621769,0.011797968298196793,0.7021232843399048,0.00116161594633013,0.2639060914516449,0.012377755716443062
Whisper-base,2,08b03Lc.wav,1,1,1,3.816136086243205e-05,0.8372828364372253,0.006650637369602919,0.0011988152982667089,0.05832900479435921,0.07445836067199707,0.022042114287614822
Whisper-base,2,08b03Nb.wav,6,6,1,0.0012803992722183466,0.06085537001490593,0.00041084192343987525,0.05271739140152931,0.00044683655141852796,0.010741611011326313,0.8735475540161133
Whisper-base,2,08b03Tc.wav,4,4,1,1.4269264283939265e-05,0.06045595556497574,0.0027586924843490124,0.00010259242117172107,0.9165944457054138,0.01920999586582184,0.0008640438900329173
Whisper-base,2,08b03Wd.wav,0,3,0,0.1662655621767044,0.007149925921112299,0.16904887557029724,0.5624691247940063,0.010241796262562275,0.06757213175296783,0.017252571880817413
Whisper-base,2,08b09Ab.wav,2,2,1,0.013067287392914295,0.003211671719327569,0.8992465734481812,0.02609548717737198,0.011383586563169956,0.046486176550388336,0.0005091537605039775
Whisper-base,2,08b09Fd.wav,3,3,1,0.00291454023681581,0.0016934083541855216,0.005765206646174192,0.962483286857605,0.000506965967360884,0.016584716737270355,0.01005177479237318
Whisper-base,2,08b09Lc.wav,1,5,0,4.6728207962587476e-05,0.4102106988430023,0.01708192564547062,0.00250681908801198,0.08156795799732208,0.47958487272262573,0.009000993333756924
Whisper-base,2,08b09Nb.wav,6,6,1,0.0009534708806313574,0.07641222327947617,0.0010370062664151192,0.17069078981876373,0.0006037001730874181,0.03586618974804878,0.7144365906715393
Whisper-base,2,08b09Tb.wav,4,4,1,2.987969082823838e-06,0.023057948797941208,0.0011653543915599585,2.0659757865360007e-05,0.9671355485916138,0.008465994149446487,0.00015146812074817717
Whisper-base,2,08b09Wa.wav,0,0,1,0.6085357666015625,0.006047999486327171,0.17848296463489532,0.15921181440353394,0.011069790460169315,0.0241079144179821,0.012543715536594391
Whisper-base,2,08b09Wc.wav,0,0,1,0.7872321009635925,0.005116088781505823,0.10106750577688217,0.07286731898784637,0.00929122045636177,0.012674814090132713,0.011750939302146435
Whisper-base,2,08b10Aa.wav,2,2,1,0.0021081767044961452,0.004564388655126095,0.9451014399528503,0.008769139647483826,0.00535458093509078,0.03379245474934578,0.0003097018343396485
Whisper-base,2,08b10Fd.wav,3,3,1,0.001561615732498467,0.0022281904239207506,0.00829694140702486,0.9301719665527344,0.0004795328131876886,0.049490250647068024,0.007771454285830259
Whisper-base,2,08b10La.wav,1,1,1,2.5979974452639e-05,0.9002708792686462,0.009421835653483868,0.0005809983122162521,0.03986537829041481,0.036191653460264206,0.013643218204379082
Whisper-base,2,08b10Nc.wav,6,6,1,0.0007594097987748682,0.0328635536134243,0.00014664435002487153,0.04286215826869011,0.0001539824006613344,0.003194113727658987,0.9200202226638794
Whisper-base,2,08b10Tc.wav,4,4,1,1.8172737554777996e-06,0.05292517691850662,0.001157765043899417,1.5760295354994014e-05,0.9399552345275879,0.005721722263842821,0.00022250614711083472
Whisper-base,2,08b10Wa.wav,0,0,1,0.7209786176681519,0.005252659320831299,0.04289829730987549,0.1844407618045807,0.006652964744716883,0.01811114512383938,0.021665621548891068
Whisper-base,3,09a01Ea.wav,5,5,1,0.0023497818037867546,0.005097430199384689,0.028889046981930733,0.47760099172592163,0.0031251388136297464,0.4785346984863281,0.004402850288897753
Whisper-base,3,09a01Fa.wav,3,0,0,0.5827500820159912,0.011484527960419655,0.05435991659760475,0.26395174860954285,0.015454120934009552,0.05944770574569702,0.012551847845315933
Whisper-base,3,09a01Nb.wav,6,6,1,8.144883759086952e-05,0.08069344609975815,0.01457388885319233,0.007705342024564743,0.00010790217493195087,0.005252602510154247,0.8915852308273315
Whisper-base,3,09a01Wb.wav,0,0,1,0.8662859201431274,0.004371702671051025,0.030036060139536858,0.07265334576368332,0.002952270209789276,0.01100119762122631,0.012699451297521591
Whisper-base,3,09a02Ea.wav,5,5,1,0.0006103746709413826,0.004150836728513241,0.006704655010253191,0.34793680906295776,0.001493091695010662,0.6362149715423584,0.002889273688197136
Whisper-base,3,09a02Eb.wav,5,3,0,0.002091619186103344,0.012071751989424229,0.051347799599170685,0.7302647829055786,0.001603699871338904,0.18608801066875458,0.01653238572180271
Whisper-base,3,09a02La.wav,1,1,1,4.191253174212761e-05,0.8340281248092651,0.009752626530826092,0.0025528352707624435,0.0022179416846483946,0.0039040297269821167,0.14750251173973083
Whisper-base,3,09a02Wb.wav,0,0,1,0.9298333525657654,0.0029826671816408634,0.03579045087099075,0.015223696827888489,0.0047709452919662,0.008048564195632935,0.003350229235365987
Whisper-base,3,09a04Fd.wav,3,0,0,0.6700588464736938,0.009254769422113895,0.25732356309890747,0.02948348969221115,0.0084595438092947,0.015936244279146194,0.00948349665850401
Whisper-base,3,09a04La.wav,1,1,1,4.465747224458028e-06,0.9516644477844238,0.005689279176294804,0.0002476611698511988,0.007540751248598099,0.0026056959759444,0.03224770352244377
Whisper-base,3,09a04Nb.wav,6,6,1,0.00015365892613772303,0.28608161211013794,0.021243635565042496,0.022246839478611946,0.0010918981861323118,0.010486876592040062,0.6586955189704895
Whisper-base,3,09a04Wa.wav,0,0,1,0.8935844302177429,0.0038122122641652822,0.06924311816692352,0.015143996104598045,0.005246417596936226,0.008675259537994862,0.004294564947485924
Whisper-base,3,09a05Ed.wav,5,5,1,0.0010343444300815463,0.0052374680526554585,0.02256659045815468,0.19179441034793854,0.003540388774126768,0.7735229134559631,0.002303775167092681
Whisper-base,3,09a05Lc.wav,1,1,1,7.303116035473067e-06,0.9293190240859985,0.004141512326896191,0.0002849642187356949,0.035753194242715836,0.008787402883172035,0.0217065941542387
Whisper-base,3,09a05Nb.wav,6,6,1,0.0002518809342291206,0.06297171115875244,0.005411812569946051,0.015401770360767841,7.592437759740278e-05,0.0030895862728357315,0.912797212600708
Whisper-base,3,09a05Tb.wav,4,4,1,1.132729948949418e-06,0.09416045993566513,0.0005384492105804384,1.594526656845119e-05,0.8968661427497864,0.008100091479718685,0.00031777683761902153
Whisper-base,3,09a05Wb.wav,0,0,1,0.8670403957366943,0.0031608082354068756,0.01500225905328989,0.09067422151565552,0.004492414183914661,0.014357256703078747,0.005272720940411091
Whisper-base,3,09a05Wc.wav,0,0,1,0.9344584941864014,0.003852630965411663,0.02450443059206009,0.01832946389913559,0.006537565495818853,0.008057065308094025,0.004260311368852854
Whisper-base,3,09a07Eb.wav,5,5,1,0.000584133027587086,0.008727464824914932,0.011993275955319405,0.18174558877944946,0.0013086736435070634,0.791010320186615,0.004630597773939371
Whisper-base,3,09a07Na.wav,6,6,1,0.0002642842009663582,0.04488193616271019,0.004639024846255779,0.026800230145454407,0.00010309168283129111,0.0022564686369150877,0.921055018901825
Whisper-base,3,09a07Ta.wav,4,4,1,2.2803988031228073e-06,0.26113367080688477,0.001308830571360886,4.286021430743858e-05,0.7210131883621216,0.015259293839335442,0.0012397810351103544
Whisper-base,3,09a07Wb.wav,0,0,1,0.9016738533973694,0.002577528590336442,0.00796264037489891,0.06798532605171204,0.0042413342744112015,0.011973784305155277,0.003585540223866701
Whisper-base,3,09a07Wd.wav,0,3,0,0.06642214208841324,0.0025654251221567392,0.006959941703826189,0.880081832408905,0.0008135781972669065,0.018294522538781166,0.02486259676516056
Whisper-base,3,09b01Ea.wav,5,5,1,0.0020094867795705795,0.006582421716302633,0.05300256609916687,0.1766979694366455,0.004350715316832066,0.7556413412094116,0.0017154512461274862
Whisper-base,3,09b01Na.wav,6,6,1,0.00010691369971027598,0.011496021412312984,0.0024268184788525105,0.01499363873153925,9.415285603608936e-06,0.0007228160393424332,0.970244288444519
Whisper-base,3,09b01Wb.wav,0,0,1,0.9177785515785217,0.002870189258828759,0.014254022389650345,0.049021974205970764,0.0023380094207823277,0.005912296008318663,0.00782487541437149
Whisper-base,3,09b02Na.wav,6,6,1,0.00010054115409730002,0.0727330669760704,0.00759521871805191,0.005567643325775862,4.9577436584513634e-05,0.0015408034669235349,0.9124132394790649
Whisper-base,3,09b02Tb.wav,4,4,1,2.0175596091576153e-06,0.37208911776542664,0.00264658872038126,6.107147055445239e-05,0.5945966839790344,0.028247594833374023,0.002356943441554904
Whisper-base,3,09b02Wc.wav,0,2,0,0.0215587355196476,0.006321227643638849,0.923608660697937,0.013592774979770184,0.0014270825777202845,0.024222129955887794,0.009269466623663902
Whisper-base,3,09b02Wd.wav,0,0,1,0.909042239189148,0.0036219079047441483,0.05199062451720238,0.01688816025853157,0.004534026142209768,0.008637744933366776,0.005285306368023157
Whisper-base,3,09b03Ed.wav,5,5,1,0.019644595682621002,0.01778211072087288,0.3478689193725586,0.20271208882331848,0.014828518964350224,0.38845500349998474,0.008708729408681393
Whisper-base,3,09b03Fa.wav,3,0,0,0.47255823016166687,0.014636985957622528,0.3111242353916168,0.12351518124341965,0.020202720537781715,0.04566110670566559,0.01230152789503336
Whisper-base,3,09b03Fd.wav,3,0,0,0.46840646862983704,0.013749687932431698,0.408950537443161,0.03989303112030029,0.020480098202824593,0.0394764244556427,0.009043721482157707
Whisper-base,3,09b03Lb.wav,1,1,1,9.147839591605589e-06,0.8855696320533752,0.009429778903722763,0.0005421533714979887,0.01763220876455307,0.05159669741988182,0.03522026911377907
Whisper-base,3,09b03Nb.wav,6,6,1,0.00011614776303758845,0.14631764590740204,0.012106714770197868,0.012773393653333187,0.0005360139184631407,0.010460395365953445,0.8176897764205933
Whisper-base,3,09b03Ta.wav,4,4,1,4.122552581975469e-06,0.1791824847459793,0.0017113484209403396,6.411081994883716e-05,0.7936844229698181,0.023967193439602852,0.0013862306950613856
Whisper-base,3,09b03Wb.wav,0,0,1,0.7757821083068848,0.008385701104998589,0.037690069526433945,0.130918487906456,0.007635266985744238,0.022136572748422623,0.01745172031223774
Whisper-base,3,09b09Ea.wav,5,5,1,0.0007368401857092977,0.007297884207218885,0.037388887256383896,0.15242108702659607,0.0025073466822504997,0.797071099281311,0.0025768529158085585
Whisper-base,3,09b09Nd.wav,6,6,1,0.0005837123026140034,0.3221861720085144,0.024162394925951958,0.04343581572175026,0.008772430941462517,0.21108859777450562,0.3897709250450134
Whisper-base,3,09b09Wa.wav,0,0,1,0.8537983298301697,0.0029729027301073074,0.013986922800540924,0.10603374987840652,0.003034499939531088,0.012178778648376465,0.00799484271556139
Whisper-base,3,09b10Aa.wav,2,2,1,0.0010552945313975215,0.009672376327216625,0.9650493860244751,0.005755229853093624,0.00108243222348392,0.010722040198743343,0.006663156673312187
Whisper-base,3,09b10Nd.wav,6,6,1,0.00017868753639049828,0.014978177845478058,0.0071237217634916306,0.017494171857833862,1.7181648217956536e-05,0.0013203322887420654,0.9588877558708191
Whisper-base,3,09b10Wa.wav,0,0,1,0.9467650055885315,0.0025573931634426117,0.010931245051324368,0.024985242635011673,0.004550150595605373,0.0072960141114890575,0.0029149360489100218
Whisper-base,4,10a01Ac.wav,2,2,1,0.006804618053138256,0.003862038953229785,0.9422452449798584,0.002367743756622076,0.008456087671220303,0.035723358392715454,0.0005408436409197748
Whisper-base,4,10a01Nb.wav,6,1,0,9.878311539068818e-05,0.8520722389221191,0.012698248960077763,0.0023886258713901043,0.03469166159629822,0.020404137670993805,0.07764627039432526
Whisper-base,4,10a01Wa.wav,0,2,0,0.1490934193134308,0.009930280968546867,0.676727294921875,0.055463191121816635,0.03693151846528053,0.06656485050916672,0.005289405584335327
Whisper-base,4,10a02Ab.wav,2,2,1,0.009858849458396435,0.0027787801809608936,0.9701792001724243,0.0008086711168289185,0.006601973436772823,0.009417720139026642,0.000354664953192696
Whisper-base,4,10a02Fa.wav,3,3,1,0.00045668703387491405,0.0018328852020204067,0.013743140734732151,0.8875887989997864,0.0010785504709929228,0.08402267098426819,0.011277233250439167
Whisper-base,4,10a02Lb.wav,1,1,1,2.639489684952423e-05,0.93268883228302,0.006924012675881386,0.0008455332717858255,0.00978112407028675,0.03753151744604111,0.01220256183296442
Whisper-base,4,10a02Na.wav,6,1,0,0.00012168192188255489,0.7861068248748779,0.009045333601534367,0.005027116741985083,0.008681838400661945,0.02720288746058941,0.16381427645683289
Whisper-base,4,10a02Wa.wav,0,2,0,0.11909034848213196,0.007947450503706932,0.8138349056243896,0.005597193259745836,0.02584327571094036,0.02540537342429161,0.002281434601172805
Whisper-base,4,10a04Fd.wav,3,2,0,0.09697659313678741,0.013984452933073044,0.7931657433509827,0.034485332667827606,0.023158011958003044,0.024340594187378883,0.013889182358980179
Whisper-base,4,10a04Nb.wav,6,1,0,6.386008317349479e-05,0.8564924001693726,0.008158308453857899,0.000966316438280046,0.08783865720033646,0.006927247624844313,0.039553336799144745
Whisper-base,4,10a04Wa.wav,0,5,0,0.0005756246973760426,0.009829097427427769,0.38437047600746155,0.017741797491908073,0.0054400828666985035,0.5815339684486389,0.0005089801852591336
Whisper-base,4,10a04Wb.wav,0,2,0,0.2575512230396271,0.008230602368712425,0.6973673105239868,0.0010082839289680123,0.028103286400437355,0.006322958972305059,0.0014163648011162877
Whisper-base,4,10a05Aa.wav,2,2,1,0.06325919181108475,0.007280002348124981,0.8939751982688904,0.0009949097875505686,0.023672888055443764,0.009777197614312172,0.001040622009895742
Whisper-base,4,10a05Ld.wav,1,6,0,0.0018359702080488205,0.06802517175674438,0.0015780753456056118,0.014972361735999584,0.002389884553849697,0.0028077340684831142,0.9083907604217529
Whisper-base,4,10a05Tb.wav,4,4,1,1.4099414329393767e-05,0.027510009706020355,0.003488976741209626,4.668388282880187e-05,0.9640956521034241,0.004711005836725235,0.0001335105043835938
Whisper-base,4,10a05Wb.wav,0,2,0,0.3612094819545746,0.010613366961479187,0.5359223484992981,0.012530053034424782,0.04606325179338455,0.029254410415887833,0.004407061263918877
Whisper-base,4,10a07Aa.wav,2,2,1,0.00031260447576642036,0.006011079531162977,0.8468133807182312,0.0027349928859621286,0.005708570592105389,0.13823848962783813,0.00018092160462401807
Whisper-base,4,10a07Ad.wav,2,2,1,0.0001347174111288041,0.022435812279582024,0.6442458033561707,0.005426122806966305,0.007866103202104568,0.31892478466033936,0.000966694497037679
Whisper-base,4,10a07La.wav,1,1,1,2.4256700271507725e-05,0.8672372102737427,0.008303116075694561,0.0005026744911447167,0.09616772085428238,0.019923007115721703,0.00784206297248602
Whisper-base,4,10a07Ta.wav,4,4,1,1.362286820949521e-05,0.10636591911315918,0.009158996865153313,9.567610686644912e-05,0.8648778796195984,0.019257504492998123,0.00023041335225570947
Whisper-base,4,10a07Wb.wav,0,2,0,0.22714288532733917,0.007308629807084799,0.7246838212013245,0.0022618977818638086,0.02559266798198223,0.011220771819353104,0.0017893083859235048
Whisper-base,4,10b01Aa.wav,2,2,1,0.0020728909876197577,0.002365005435422063,0.9559765458106995,0.0014442874817177653,0.005192197859287262,0.032775670289993286,0.0001733398821670562
Whisper-base,4,10b01Ea.wav,5,2,0,0.002028770511969924,0.005434575956314802,0.4271090626716614,0.17239922285079956,0.009711861610412598,0.38136547803878784,0.0019510495476424694
Whisper-base,4,10b01Fa.wav,3,3,1,0.0028019233141094446,0.0017602615989744663,0.008749338798224926,0.9136207699775696,0.0018429376650601625,0.047856010496616364,0.023368755355477333
Whisper-base,4,10b01Lb.wav,1,6,0,0.0001719765568850562,0.46133944392204285,0.00336271058768034,0.004582834430038929,0.0017233850667253137,0.006053508725017309,0.52276611328125
Whisper-base,4,10b02Aa.wav,2,2,1,0.012312905862927437,0.004252759739756584,0.9558559656143188,0.001526769483461976,0.008526037447154522,0.016738062724471092,0.000787450117059052
Whisper-base,4,10b02La.wav,1,1,1,3.377337634447031e-05,0.7980968952178955,0.017962472513318062,0.0005905184079892933,0.14705750346183777,0.03091537021100521,0.005343507509678602
Whisper-base,4,10b02Na.wav,6,6,1,0.0010181718971580267,0.07103168219327927,0.0042574601247906685,0.013780209235846996,0.0021596841979771852,0.005298494827002287,0.9024544358253479
Whisper-base,4,10b02Wb.wav,0,0,1,0.7030097842216492,0.007576848845928907,0.23547878861427307,0.005906620994210243,0.033764880150556564,0.01058123167604208,0.003681858768686652
Whisper-base,4,10b03La.wav,1,4,0,3.9310016290983185e-05,0.3045399487018585,0.01664423570036888,0.00039701713831163943,0.6484997272491455,0.02750878408551216,0.002371051348745823
Whisper-base,4,10b03Tb.wav,4,4,1,2.1823640054208227e-05,0.06777910888195038,0.005075663328170776,9.780676919035614e-05,0.9193583726882935,0.007228076457977295,0.0004391965048853308
Whisper-base,4,10b03Wb.wav,0,2,0,0.24899019300937653,0.01445056963711977,0.597296416759491,0.018125075846910477,0.05701723322272301,0.05941532552242279,0.004705178085714579
Whisper-base,4,10b09Ad.wav,2,2,1,0.0026481053791940212,0.0033606209326535463,0.9708203077316284,0.000985666993074119,0.005696407984942198,0.016087520867586136,0.00040136894676834345
Whisper-base,4,10b09Lb.wav,1,1,1,6.364336877595633e-05,0.9015662670135498,0.007660422939807177,0.0014232766116037965,0.025351667776703835,0.01104561984539032,0.052889034152030945
Whisper-base,4,10b09Wb.wav,0,2,0,0.3630603849887848,0.012717852368950844,0.533433735370636,0.007078551221638918,0.056816842406988144,0.023029055446386337,0.0038636040408164263
Whisper-base,4,10b10Fc.wav,3,2,0,0.033198658376932144,0.014029767364263535,0.5311106443405151,0.2433977574110031,0.02430051937699318,0.14350596070289612,0.010456627234816551
Whisper-base,4,10b10Lc.wav,1,1,1,0.00021062784071546048,0.7240899205207825,0.005014126654714346,0.004662283696234226,0.002804442308843136,0.016859358176589012,0.2463591992855072
Whisper-base,4,10b10Wa.wav,0,0,1,0.7227085828781128,0.009240823797881603,0.1620474010705948,0.039019472897052765,0.03870164230465889,0.01612340286374092,0.012158702127635479
Whisper-base,5,11a01Aa.wav,2,2,1,0.027120916172862053,0.027872733771800995,0.5835632681846619,0.1538005769252777,0.003947407938539982,0.032034359872341156,0.17166075110435486
Whisper-base,5,11a01Ab.wav,2,2,1,0.005922483745962381,0.0146869458258152,0.8619735836982727,0.01730756275355816,0.0010191716719418764,0.0056292410008609295,0.09346107393503189
Whisper-base,5,11a01Ld.wav,1,1,1,2.4012477297219448e-05,0.8159980773925781,0.008412898518145084,0.00024972751270979643,0.14860428869724274,0.013508752919733524,0.01320226676762104
Whisper-base,5,11a01Nd.wav,6,6,1,0.00010915559687418863,0.02907794713973999,0.0053292084485292435,0.013938133604824543,8.909020107239485e-05,0.0006745618884451687,0.9507818818092346
Whisper-base,5,11a01Wc.wav,0,0,1,0.932458758354187,0.002431737957522273,0.021795889362692833,0.014034743420779705,0.021187283098697662,0.007224466186016798,0.0008670628303661942
Whisper-base,5,11a02Ec.wav,5,2,0,0.0015534915728494525,0.03859376162290573,0.39296016097068787,0.12633569538593292,0.002501942915841937,0.30783611536026,0.13021878898143768
Whisper-base,5,11a02Fb.wav,3,2,0,0.12137241661548615,0.017096996307373047,0.6297658085823059,0.1335621327161789,0.013198638334870338,0.06955807656049728,0.015445847995579243
Whisper-base,5,11a02Ld.wav,1,1,1,3.948627181671327e-06,0.7631753087043762,0.0013658872339874506,4.295215694583021e-05,0.21610599756240845,0.018572231754660606,0.0007336098933592439
Whisper-base,5,11a02Nc.wav,6,6,1,0.00010812396794790402,0.04666087403893471,0.029688432812690735,0.010335471481084824,0.00018500591977499425,0.0019831822719424963,0.9110389351844788
Whisper-base,5,11a02Tc.wav,4,4,1,3.7787754081364255e-06,0.04326516389846802,0.0002651714312378317,6.109644800744718e-06,0.9525519609451294,0.003840001532807946,6.790243060095236e-05
Whisper-base,5,11a02Wc.wav,0,0,1,0.8950281143188477,0.0036720912903547287,0.0224031712859869,0.024554811418056488,0.035805631428956985,0.01757640205323696,0.0009597950265742838
Whisper-base,5,11a04Ac.wav,2,2,1,0.07045569270849228,0.012006555683910847,0.8368069529533386,0.034199316054582596,0.006090570706874132,0.021890193223953247,0.018550770357251167
Whisper-base,5,11a04Fd.wav,3,0,0,0.692926824092865,0.00585611816495657,0.03953375294804573,0.23255516588687897,0.0093489158898592,0.011048034764826298,0.008731183595955372
Whisper-base,5,11a04Nd.wav,6,6,1,5.6943292292999104e-05,0.14462503790855408,0.02147560752928257,0.005747716408222914,0.00044440815690904856,0.0018673775484785438,0.8257828950881958
Whisper-base,5,11a04Wc.wav,0,0,1,0.9283226728439331,0.0029345189686864614,0.026027681306004524,0.015502521768212318,0.018420377746224403,0.007857014425098896,0.000935184711124748
Whisper-base,5,11a05Ad.wav,2,2,1,0.0041954838670790195,0.008737737312912941,0.954098105430603,0.007645417004823685,0.0014655798440799117,0.010838508605957031,0.013019191101193428
Whisper-base,5,11a05Fb.wav,3,0,0,0.7110867500305176,0.008190109394490719,0.10968951880931854,0.12272652983665466,0.017836512997746468,0.023733608424663544,0.006737000308930874
Whisper-base,5,11a05Fc.wav,3,0,0,0.7505744695663452,0.006752423010766506,0.058431804180145264,0.12360956519842148,0.024771803990006447,0.03168362006545067,0.004176328890025616
Whisper-base,5,11a05Lc.wav,1,4,0,2.8151043807156384e-05,0.40506511926651,0.0033374924678355455,0.00010707418550737202,0.5802289843559265,0.007826494053006172,0.0034066434018313885
Whisper-base,5,11a05Na.wav,6,6,1,7.816105789970607e-05,0.2362021952867508,0.014040335081517696,0.005192968063056469,0.0015141943003982306,0.0025160645600408316,0.7404560446739197
Whisper-base,5,11a05Td.wav,4,4,1,1.874676854640711e-05,0.0676719918847084,0.0008836390916258097,2.2790272851125337e-05,0.9269130825996399,0.004203273914754391,0.0002864557027351111
Whisper-base,5,11a05Wd.wav,0,0,1,0.6631489396095276,0.008250557817518711,0.035102732479572296,0.25194886326789856,0.01112404465675354,0.013018032535910606,0.017406834289431572
Whisper-base,5,11a07Ac.wav,2,0,0,0.5583176612854004,0.0110460901632905,0.12580005824565887,0.2465451955795288,0.018426600843667984,0.026036472991108894,0.013827868737280369
Whisper-base,5,11a07Ld.wav,1,1,1,1.4243405530578457e-05,0.8137585520744324,0.017412377521395683,0.0015255679609254003,0.025205299258232117,0.1172330379486084,0.024850904941558838
Whisper-base,5,11a07Ta.wav,4,1,0,5.14552702952642e-05,0.5512863993644714,0.010366620495915413,0.00025726016610860825,0.4096812605857849,0.016385311260819435,0.011971663683652878
Whisper-base,5,11a07Wc.wav,0,0,1,0.9691131711006165,0.0011138548143208027,0.008174015209078789,0.01022532768547535,0.00829513929784298,0.0026254402473568916,0.0004531249578576535
Whisper-base,5,11b01Ab.wav,2,2,1,0.09703446179628372,0.023814179003238678,0.6436506509780884,0.12029054760932922,0.005376296583563089,0.012846785597503185,0.09698710590600967
Whisper-base,5,11b01Eb.wav,5,2,0,0.0015258161583915353,0.040063824504613876,0.48221442103385925,0.06418614834547043,0.0026778909377753735,0.3639945387840271,0.04533734545111656
Whisper-base,5,11b01Fc.wav,3,3,1,0.3440534472465515,0.004477210342884064,0.03501772880554199,0.5829730033874512,0.004715042654424906,0.01744169369339943,0.011321851052343845
Whisper-base,5,11b01Lb.wav,1,1,1,1.2894305655208882e-05,0.8315150141716003,0.009779185988008976,0.0009363058488816023,0.018227599561214447,0.12120316922664642,0.018325766548514366
Whisper-base,5,11b01Nc.wav,6,6,1,0.0001625887816771865,0.03744683042168617,0.0074460795149207115,0.011199742555618286,9.595510346116498e-05,0.0002542936708778143,0.9433944821357727
Whisper-base,5,11b01Wd.wav,0,0,1,0.9618604183197021,0.0016434523276984692,0.009572765789926052,0.009607447311282158,0.01311430148780346,0.0036408209707587957,0.0005607969942502677
Whisper-base,5,11b02Ab.wav,2,2,1,0.023960188031196594,0.00823606364428997,0.903059184551239,0.026482688263058662,0.0013790751108899713,0.006807961966842413,0.03007482923567295
Whisper-base,5,11b02Fd.wav,3,0,0,0.664178192615509,0.00895229447633028,0.120366670191288,0.1624462902545929,0.009585670195519924,0.015574279241263866,0.018896566703915596
Whisper-base,5,11b02Na.wav,6,6,1,0.0033676547463983297,0.039667218923568726,0.08617705851793289,0.04874388873577118,0.0006942764157429338,0.002925868844613433,0.8184239864349365
Whisper-base,5,11b02Td.wav,4,4,1,2.0150650016148575e-05,0.3796430230140686,0.002775343134999275,7.84617877798155e-05,0.6066678166389465,0.007772248703986406,0.0030429132748395205
Whisper-base,5,11b02Wb.wav,0,0,1,0.9363439679145813,0.0017970087938010693,0.007926840335130692,0.04093969240784645,0.007777316961437464,0.003647825913503766,0.0015673789894208312
Whisper-base,5,11b03Fc.wav,3,3,1,0.26134586334228516,0.004977397155016661,0.024166932329535484,0.6660678386688232,0.0034883832558989525,0.012728861533105373,0.02722473256289959
Whisper-base,5,11b03Lc.wav,1,1,1,8.08171826065518e-05,0.755222499370575,0.02306893654167652,0.0016552723245695233,0.02395278587937355,0.009492931887507439,0.18652679026126862
Whisper-base,5,11b03Nb.wav,6,6,1,0.001200987957417965,0.03462141752243042,0.07422995567321777,0.025615639984607697,0.00033941646688617766,0.0019399002194404602,0.8620526194572449
Whisper-base,5,11b03Td.wav,4,4,1,4.410704059409909e-05,0.1279347538948059,0.002668197965249419,7.357742288149893e-05,0.8607210516929626,0.007299099117517471,0.001259137294255197
Whisper-base,5,11b03Wa.wav,0,0,1,0.762653648853302,0.009704077616333961,0.07144186645746231,0.10443059355020523,0.01890711486339569,0.019766170531511307,0.013096575625240803
Whisper-base,5,11b03Wb.wav,0,0,1,0.9012857675552368,0.004451652988791466,0.02019965648651123,0.02794022485613823,0.030712567269802094,0.013407504186034203,0.0020026019774377346
Whisper-base,5,11b09Ad.wav,2,2,1,0.04083621874451637,0.043300457298755646,0.622314989566803,0.09724612534046173,0.0077425227500498295,0.028032056987285614,0.16052760183811188
Whisper-base,5,11b09Fd.wav,3,2,0,0.3324050307273865,0.018016988411545753,0.44773685932159424,0.11921916902065277,0.01646886020898819,0.03956465795636177,0.026588406413793564
Whisper-base,5,11b09Ld.wav,1,1,1,9.301301906816661e-05,0.8277690410614014,0.01478500384837389,0.0010058606276288629,0.06949084997177124,0.013100048527121544,0.07375622540712357
Whisper-base,5,11b09Na.wav,6,6,1,0.00021019195264670998,0.03020596317946911,0.007071940694004297,0.015778137370944023,0.0001147266521002166,0.0004935068427585065,0.9461255073547363
Whisper-base,5,11b09Td.wav,4,4,1,1.3696475434699096e-05,0.08492811024188995,0.000826933654025197,1.9696084564202465e-05,0.907728910446167,0.006194372195750475,0.0002883034467231482
Whisper-base,5,11b09Wa.wav,0,0,1,0.8689159750938416,0.003109412733465433,0.010007944889366627,0.09504551440477371,0.012979731895029545,0.007510258350521326,0.0024310913868248463
Whisper-base,5,11b10Ad.wav,2,2,1,0.0013896571472287178,0.04701851308345795,0.7170537710189819,0.013425065204501152,0.001112267724238336,0.008039993233978748,0.21196068823337555
Whisper-base,5,11b10Ae.wav,2,2,1,0.0009682397940196097,0.047875478863716125,0.7212644219398499,0.017072610557079315,0.0010367429349571466,0.014214293099939823,0.19756820797920227
Whisper-base,5,11b10Ld.wav,1,1,1,1.609611717867665e-05,0.7505623698234558,0.005472196731716394,0.00013823687913827598,0.22801616787910461,0.007078091613948345,0.00871683657169342
Whisper-base,5,11b10Nc.wav,6,6,1,0.0003967964730691165,0.05702224746346474,0.0481584332883358,0.013817848637700081,0.0002874813217204064,0.0013099698117002845,0.8790072798728943
Whisper-base,5,11b10Td.wav,4,4,1,4.7271350922528654e-06,0.017197823151946068,0.0001496647164458409,3.4048275665554684e-06,0.9801950454711914,0.002427289029583335,2.211570790677797e-05
Whisper-base,5,11b10Wa.wav,0,0,1,0.9145637154579163,0.0033832532353699207,0.01828746311366558,0.03542686998844147,0.018151793628931046,0.008505498059093952,0.0016813869588077068
Whisper-base,6,12a01Fb.wav,3,3,1,0.035087887197732925,0.0016503231599926949,0.03613987937569618,0.86835116147995,0.0023501678369939327,0.02762497402727604,0.028795644640922546
Whisper-base,6,12a01Lb.wav,1,6,0,0.00015542283654212952,0.01005256362259388,0.17757795751094818,0.07373691350221634,0.002304083900526166,0.005860746372491121,0.7303122878074646
Whisper-base,6,12a01Nb.wav,6,6,1,0.00014273240230977535,0.0054191285744309425,0.0309271439909935,0.13679051399230957,0.0007053032168187201,0.0090797645971179,0.8169354200363159
Whisper-base,6,12a01Wc.wav,0,0,1,0.7666400671005249,0.0023237664718180895,0.040186502039432526,0.15712732076644897,0.009519531391561031,0.020040001720190048,0.004162838216871023
Whisper-base,6,12a02Ac.wav,2,2,1,0.005285654217004776,0.002845832845196128,0.9602031111717224,0.00945957750082016,0.009274347685277462,0.002229361329227686,0.010702108033001423
Whisper-base,6,12a02Ec.wav,5,5,1,0.00010421862680232152,0.04359177500009537,0.005338223185390234,0.0018383212154731154,0.010028049349784851,0.9384263157844543,0.0006729865563102067
Whisper-base,6,12a02Nb.wav,6,6,1,7.103218376869336e-05,0.004104231018573046,0.009017146192491055,0.04210403189063072,0.0003503162006381899,0.0027675859164446592,0.9415856003761292
Whisper-base,6,12a02Wa.wav,0,0,1,0.8741825819015503,0.004136183764785528,0.03299354016780853,0.05509886518120766,0.010639759711921215,0.01840631105005741,0.004542709793895483
Whisper-base,6,12a02Wc.wav,0,0,1,0.9313823580741882,0.0024768372531980276,0.018170151859521866,0.03052973560988903,0.006399380508810282,0.008661912754178047,0.0023796260356903076
Whisper-base,6,12a04Wc.wav,0,0,1,0.9056070446968079,0.002244775416329503,0.025885263457894325,0.04806577414274216,0.0059547629207372665,0.008710789494216442,0.003531527239829302
Whisper-base,6,12a05Ab.wav,2,2,1,0.006959817837923765,0.00255039194598794,0.8546569347381592,0.09140942245721817,0.010427536442875862,0.017526905983686447,0.016469024121761322
Whisper-base,6,12a05Lb.wav,1,1,1,2.589648102002684e-05,0.8562837839126587,0.015178605914115906,0.002215704880654812,0.014805291779339314,0.08920018374919891,0.022290583699941635
Whisper-base,6,12a05Nd.wav,6,6,1,0.000138497693114914,0.007901430130004883,0.025122957304120064,0.055439144372940063,0.000845093687530607,0.005263486877083778,0.9052894115447998
Whisper-base,6,12a05Ta.wav,4,4,1,3.783921420108527e-05,0.06502744555473328,0.009769855067133904,0.00023961873375810683,0.9082576632499695,0.015734631568193436,0.0009330175234936178
Whisper-base,6,12a05Wb.wav,0,0,1,0.9745748043060303,0.0013314893003553152,0.004266735166311264,0.010519101284444332,0.003917288966476917,0.004425883758813143,0.0009646716644056141
Whisper-base,6,12a07Ac.wav,2,2,1,0.030085595324635506,0.0021873891819268465,0.8790153861045837,0.06034580618143082,0.009209251962602139,0.003681117668747902,0.015475398860871792
Whisper-base,6,12a07La.wav,1,1,1,2.3079988750396296e-05,0.878385603427887,0.006252724677324295,0.00318190548568964,0.002073540585115552,0.05960002914071083,0.05048318952322006
Whisper-base,6,12a07Wa.wav,0,0,1,0.8772080540657043,0.0011707019293680787,0.02052946761250496,0.08500923216342926,0.003716851584613323,0.009659627452492714,0.002706061350181699
Whisper-base,6,12b01Ta.wav,4,4,1,2.0174298697384074e-05,0.016201937571167946,0.009552571922540665,0.00011861628445331007,0.9705900549888611,0.002862780587747693,0.0006538808229379356
Whisper-base,6,12b01Wa.wav,0,0,1,0.9742007851600647,0.0006213849410414696,0.0022952372673898935,0.017294134944677353,0.0017291553085669875,0.002846722025424242,0.001012554974295199
Whisper-base,6,12b02Ad.wav,2,2,1,0.0006608901894651353,0.0018337081419304013,0.9733603000640869,0.0021690926514565945,0.013483375310897827,0.0014734258875250816,0.007019246928393841
Whisper-base,6,12b02Ea.wav,5,5,1,0.0049868687056005,0.0032307885121554136,0.01035553589463234,0.05280846729874611,0.0027607425581663847,0.9251471757888794,0.0007104034884832799
Whisper-base,6,12b02Fb.wav,3,3,1,0.0006635678582824767,0.003092371392995119,0.018424242734909058,0.7420428991317749,0.0007345026242546737,0.17250439524650574,0.06253799051046371
Whisper-base,6,12b02Na.wav,6,6,1,0.0004600676184054464,0.00466926209628582,0.06611474603414536,0.2243194878101349,0.001462091924622655,0.01605837605893612,0.6869159936904907
Whisper-base,6,12b02Wa.wav,0,3,0,0.1854359656572342,0.0011668995721265674,0.029534272849559784,0.734847366809845,0.003701163688674569,0.03454171493649483,0.010772607289254665
Whisper-base,6,12b02Wb.wav,0,0,1,0.738834023475647,0.003846874227747321,0.038436926901340485,0.16103728115558624,0.013651677407324314,0.03785690292716026,0.006336231715977192
Whisper-base,6,12b02Wd.wav,0,0,1,0.4902345836162567,0.0030252491123974323,0.14491306245326996,0.2999671995639801,0.012836669571697712,0.04087959975004196,0.008143562823534012
Whisper-base,6,12b03La.wav,1,1,1,1.7329333786619827e-05,0.919244110584259,0.004226911813020706,0.000994465546682477,0.0035016671754419804,0.055855635553598404,0.01615995168685913
Whisper-base,6,12b03Ta.wav,4,4,1,4.598350278683938e-05,0.028508860617876053,0.01026490144431591,0.00020810615387745202,0.9552123546600342,0.004661903716623783,0.0010978778591379523
Whisper-base,6,12b09Ac.wav,2,2,1,0.0021494582761079073,0.0026233040262013674,0.9069956541061401,0.03745446726679802,0.00830839667469263,0.006711937487125397,0.035756759345531464
Whisper-base,6,12b09Td.wav,4,4,1,4.7489094868069515e-05,0.03475932776927948,0.008159876801073551,0.0001863613724708557,0.9449975490570068,0.011240706779062748,0.0006086731445975602
Whisper-base,6,12b09Wc.wav,0,0,1,0.8527644276618958,0.002986751962453127,0.0565764456987381,0.06458079069852829,0.009181893430650234,0.00987481139600277,0.004034844227135181
Whisper-base,6,12b10Ac.wav,2,2,1,0.0025134857278317213,0.0028039957396686077,0.947011411190033,0.011164726689457893,0.008129493333399296,0.0022751844953745604,0.02610175497829914
Whisper-base,6,12b10Ld.wav,1,1,1,4.0008806536206976e-05,0.7108777761459351,0.012671303935348988,0.005212049465626478,0.006290001794695854,0.02864774502813816,0.23626118898391724
Whisper-base,6,12b10Wa.wav,0,0,1,0.8172777891159058,0.010511431843042374,0.07422145456075668,0.04176075756549835,0.028240151703357697,0.020986296236515045,0.007002123631536961
Whisper-base,7,13a01Ac.wav,2,2,1,0.0001681612920947373,0.0007419624016620219,0.9872296452522278,0.004516311921179295,0.00022496373276226223,0.0016392976976931095,0.005479726009070873
Whisper-base,7,13a01Ea.wav,5,2,0,0.0006950357346795499,0.023595338687300682,0.6967064142227173,0.026135198771953583,0.005026497878134251,0.23019856214523315,0.017642993479967117
Whisper-base,7,13a01Ec.wav,5,5,1,0.0006168007384985685,0.06472263485193253,0.0268096886575222,0.09289214015007019,0.004069456364959478,0.7938916087150574,0.016997646540403366
Whisper-base,7,13a01Fd.wav,3,3,1,0.26394757628440857,0.007839295081794262,0.007335626054555178,0.6469279527664185,0.014624294824898243,0.05083238705992699,0.008492871187627316
Whisper-base,7,13a01Lb.wav,1,1,1,1.4415987834581756e-06,0.9135813117027283,0.004303644876927137,0.000536302337422967,0.057273685932159424,0.015811409801244736,0.008492214605212212
Whisper-base,7,13a01Nb.wav,6,6,1,5.186330963624641e-05,0.008296282030642033,0.04238993674516678,0.16489507257938385,0.0001942068774951622,0.002098140772432089,0.782074511051178
Whisper-base,7,13a01Wb.wav,0,0,1,0.6198382377624512,0.003388794371858239,0.0088501563295722,0.30985337495803833,0.012547936290502548,0.04259445518255234,0.002927034394815564
Whisper-base,7,13a02Ad.wav,2,2,1,4.2068502807524055e-05,0.001827199012041092,0.9635328054428101,0.0019722997676581144,0.00043622867087833583,0.0012771484907716513,0.030912276357412338
Whisper-base,7,13a02Ec.wav,5,5,1,0.0010041764471679926,0.026798537001013756,0.04439958930015564,0.007312017492949963,0.01233383733779192,0.9005411267280579,0.0076107243075966835
Whisper-base,7,13a02Fa.wav,3,3,1,0.0029792129062116146,0.025935158133506775,0.010961548425257206,0.49133583903312683,0.005300658289343119,0.4473663568496704,0.016121206805109978
Whisper-base,7,13a02Lc.wav,1,6,0,4.815608917851932e-06,0.46436449885368347,0.0017128020990639925,0.039059411734342575,0.00153684604447335,0.010458937846124172,0.4828626811504364
Whisper-base,7,13a02Nc.wav,6,6,1,6.304969247139525e-06,0.04570714756846428,0.0029219603165984154,0.07820738852024078,0.0003469395451247692,0.008693596348166466,0.8641166687011719
Whisper-base,7,13a02Ta.wav,4,4,1,2.6572913611744298e-06,0.02577073499560356,0.0008813955937512219,4.132418325752951e-05,0.9708245992660522,0.0019204505952075124,0.0005588830099441111
Whisper-base,7,13a02Wa.wav,0,0,1,0.8548790216445923,0.0018019161652773619,0.026068443432450294,0.08580968528985977,0.007834813557565212,0.02218620479106903,0.0014198756543919444
Whisper-base,7,13a04Ac.wav,2,2,1,0.0008401343948207796,0.0005283160717226565,0.976915717124939,0.009237464517354965,0.00018491383525542915,0.0016716228565201163,0.010621879249811172
Whisper-base,7,13a04Fc.wav,3,3,1,0.016276970505714417,0.007841299287974834,0.006322233006358147,0.929184079170227,0.002267509000375867,0.006390513386577368,0.03171740472316742
Whisper-base,7,13a04Lb.wav,1,1,1,1.0368529729021247e-05,0.6647289395332336,0.09318023175001144,0.003424052381888032,0.11261655390262604,0.032677412033081055,0.09336239844560623
Whisper-base,7,13a04Ta.wav,4,4,1,3.4389624943287345e-06,0.031086992472410202,0.0008320889319293201,6.119564932305366e-05,0.9633176922798157,0.004215391818434,0.00048322498332709074
Whisper-base,7,13a04Wc.wav,0,0,1,0.9550543427467346,0.0009564930805936456,0.010001011192798615,0.021234260872006416,0.003989798948168755,0.008284047245979309,0.0004800164606422186
Whisper-base,7,13a05Aa.wav,2,2,1,3.5049499274464324e-05,0.06178221106529236,0.6095237731933594,0.00851166620850563,0.004554854240268469,0.008505434729158878,0.3070870041847229
Whisper-base,7,13a05Ea.wav,5,1,0,6.59698125673458e-05,0.36739665269851685,0.00928785465657711,0.0009694193722680211,0.34513720870018005,0.2751673758029938,0.0019755682442337275
Whisper-base,7,13a05Lc.wav,1,1,1,3.2760208341642283e-06,0.8487104177474976,0.01941189542412758,0.0009879320859909058,0.06925938278436661,0.016338473185896873,0.045288536697626114
Whisper-base,7,13a05Nb.wav,6,6,1,1.4708510207128711e-05,0.09465154260396957,0.006178504321724176,0.03999978303909302,0.0006541575421579182,0.014881286770105362,0.8436200618743896
Whisper-base,7,13a05Tc.wav,4,4,1,4.4173834794491995e-06,0.018069013953208923,0.000365965737728402,4.15036738559138e-05,0.9788574576377869,0.002370139118283987,0.0002914885408245027
Whisper-base,7,13a05Wa.wav,0,0,1,0.9325619339942932,0.0012716042110696435,0.0100939329713583,0.03580795228481293,0.0063545177690684795,0.012919796630740166,0.0009903263999149203
Whisper-base,7,13a05Wc.wav,0,0,1,0.9383473992347717,0.001504669664427638,0.005293003283441067,0.03255048021674156,0.008396472781896591,0.013178903609514236,0.0007290331996046007
Whisper-base,7,13a07Fd.wav,3,3,1,0.10181190073490143,0.007958963513374329,0.013026355765759945,0.8450011014938354,0.00802922435104847,0.011540711857378483,0.012631743215024471
Whisper-base,7,13a07Lb.wav,1,1,1,7.387695859506493e-07,0.9757686853408813,0.0009916590061038733,0.0003948400553781539,0.009417790919542313,0.008667606860399246,0.004758741706609726
Whisper-base,7,13a07Na.wav,6,6,1,6.196552931214683e-06,0.021871473640203476,0.03267304226756096,0.04634714499115944,0.00016682775458320975,0.0019402559846639633,0.8969950675964355
Whisper-base,7,13a07Tc.wav,4,4,1,1.1978233487752732e-05,0.23975862562656403,0.004646104294806719,0.000461939926026389,0.7060674428939819,0.045181479305028915,0.0038724998012185097
Whisper-base,7,13a07Wb.wav,0,0,1,0.9324895739555359,0.0013247415190562606,0.005504322703927755,0.04512957111001015,0.007306299638003111,0.0075474330224096775,0.0006980897160246968
Whisper-base,7,13b01Ab.wav,2,2,1,0.00029275286942720413,0.001205160398967564,0.9622071981430054,0.011546453461050987,0.0009664841345511377,0.003556894836947322,0.02022511512041092
Whisper-base,7,13b01Ec.wav,5,5,1,0.0002770562132354826,0.104387067258358,0.01203950960189104,0.001143889152444899,0.322163462638855,0.5588271617889404,0.0011619027936831117
Whisper-base,7,13b01Fc.wav,3,3,1,0.0254477821290493,0.010225508362054825,0.007591534871608019,0.8504654765129089,0.007466544397175312,0.08511693775653839,0.013686217367649078
Whisper-base,7,13b01Ld.wav,1,1,1,6.402036433428293e-06,0.8537531495094299,0.00573151558637619,0.0061700716614723206,0.004540648311376572,0.03382251039147377,0.09597571939229965
Whisper-base,7,13b01Nc.wav,6,6,1,1.0885197298193816e-05,0.013726071454584599,0.02217108942568302,0.008879544213414192,0.0005637830472551286,0.0026583231519907713,0.9519903063774109
Whisper-base,7,13b01Wa.wav,0,0,1,0.4816892743110657,0.006360778585076332,0.06499885767698288,0.4096035957336426,0.01420880388468504,0.013334906660020351,0.009803779423236847
Whisper-base,7,13b02Fb.wav,3,3,1,0.004981184843927622,0.008548080921173096,0.0023644622415304184,0.9336169362068176,0.002579162362962961,0.013719956390559673,0.034190140664577484
Whisper-base,7,13b02Lc.wav,1,1,1,1.2084431091352599e-06,0.9718814492225647,0.0007975307526066899,0.00048090078053064644,0.011823087930679321,0.0074786050245165825,0.00753726065158844
Whisper-base,7,13b02Nb.wav,6,6,1,1.5511661331402138e-05,0.022403724491596222,0.0023891699966043234,0.055884651839733124,0.0003809864283539355,0.004577502608299255,0.9143484234809875
Whisper-base,7,13b02Wa.wav,0,0,1,0.9557299613952637,0.0007267554756253958,0.006477500777691603,0.026175377890467644,0.0038060673978179693,0.0066076768562197685,0.0004766178608406335
Whisper-base,7,13b03Ac.wav,2,2,1,0.0005149458884261549,0.07653677463531494,0.5388469099998474,0.012897191569209099,0.16100311279296875,0.14139266312122345,0.068808414041996
Whisper-base,7,13b03Ed.wav,5,5,1,0.0002979235432576388,0.1525302529335022,0.026929762214422226,0.0018250030698254704,0.4050155580043793,0.4097897410392761,0.0036117732524871826
Whisper-base,7,13b03Fd.wav,3,3,1,0.02070753648877144,0.008448706939816475,0.014280795119702816,0.9022681713104248,0.00673589576035738,0.028727421537041664,0.018831424415111542
Whisper-base,7,13b03Lb.wav,1,1,1,1.640480377318454e-06,0.9392167925834656,0.00230996822938323,0.0007820989703759551,0.032012939453125,0.009421511553227901,0.016255084425210953
Whisper-base,7,13b03Na.wav,6,1,0,3.701621835716651e-06,0.773569643497467,0.016653774306178093,0.0032761218026280403,0.009153406135737896,0.018560491502285004,0.1787828654050827
Whisper-base,7,13b03Td.wav,4,4,1,5.707592208636925e-06,0.019054880365729332,0.000552553974557668,6.1003902374068275e-05,0.9773288369178772,0.002556231338530779,0.0004407496307976544
Whisper-base,7,13b03Wc.wav,0,0,1,0.9196272492408752,0.0013064687373116612,0.014518285170197487,0.04128308221697807,0.0075182076543569565,0.014930767938494682,0.0008159719291143119
Whisper-base,7,13b09Ab.wav,2,2,1,0.0005901223630644381,0.09223432093858719,0.44304364919662476,0.006276624742895365,0.25691530108451843,0.17970643937587738,0.02123354747891426
Whisper-base,7,13b09Ec.wav,5,2,0,0.00040654404438100755,0.05319478362798691,0.6838039755821228,0.01021206472069025,0.01094525121152401,0.21601060032844543,0.02542673610150814
Whisper-base,7,13b09Fb.wav,3,3,1,0.04604797065258026,0.007264533080160618,0.011580384336411953,0.8946929574012756,0.007285847328603268,0.02201329544186592,0.011115016415715218
Whisper-base,7,13b09Fc.wav,3,3,1,0.003198472782969475,0.010579969733953476,0.0072008343413472176,0.9114322066307068,0.00314581161364913,0.024883059784770012,0.03955966979265213
Whisper-base,7,13b09La.wav,1,1,1,6.110642971179914e-06,0.6915915012359619,0.013935708440840244,0.011893680319190025,0.007845903746783733,0.015286710113286972,0.2594403326511383
Whisper-base,7,13b09Na.wav,6,6,1,1.603190139576327e-05,0.01999998278915882,0.026886649429798126,0.04075773060321808,0.00038841739296913147,0.006682820152491331,0.9052683711051941
Whisper-base,7,13b09Wa.wav,0,0,1,0.827039361000061,0.003555990057066083,0.016861451789736748,0.12353013455867767,0.012309025973081589,0.014167600311338902,0.0025363925378769636
Whisper-base,7,13b10Ec.wav,5,5,1,0.0007050253334455192,0.028900453820824623,0.011761599220335484,0.0513949990272522,0.0013616287615150213,0.9003847241401672,0.005491562187671661
Whisper-base,7,13b10Fa.wav,3,3,1,0.0007548279245384037,0.00603657029569149,0.008257059380412102,0.8777205348014832,0.0007637256057932973,0.00989447720348835,0.09657279402017593
Whisper-base,7,13b10La.wav,1,1,1,1.7317512401859858e-06,0.7843186259269714,0.010944562964141369,0.0028957752510905266,0.008759917691349983,0.010033491998910904,0.18304596841335297
Whisper-base,7,13b10Nc.wav,6,6,1,5.931034593231743e-06,0.030969109386205673,0.009294073097407818,0.0397651232779026,0.0002341541985515505,0.005799776408821344,0.9139317274093628
Whisper-base,7,13b10Wa.wav,0,3,0,0.369546115398407,0.004606691189110279,0.01829112507402897,0.5779810547828674,0.008252512663602829,0.013996929861605167,0.007325614802539349
Whisper-base,7,13b10Wc.wav,0,0,1,0.9492104053497314,0.0009359020623378456,0.005779470782727003,0.028888480737805367,0.004797202069312334,0.009925265796482563,0.000463305099401623
Whisper-base,8,14a01Aa.wav,2,2,1,0.0027090238872915506,0.0013836341677233577,0.977756142616272,0.005309031344950199,0.0006459680153056979,0.011027553118765354,0.00116855523083359
Whisper-base,8,14a01Ac.wav,2,3,0,0.014529222622513771,0.012445719912648201,0.07392973452806473,0.7610187530517578,0.0008653347031213343,0.04223717004060745,0.09497401863336563
Whisper-base,8,14a01Ea.wav,5,5,1,0.00014407152775675058,0.007395099848508835,0.034910548478364944,0.006927787326276302,0.007911298424005508,0.9417227506637573,0.0009884036844596267
Whisper-base,8,14a01Na.wav,6,6,1,0.00027259712805971503,0.012724146246910095,0.013386981561779976,0.017935162410140038,0.00020859966753050685,0.001727922004647553,0.9537447094917297
Whisper-base,8,14a01Wa.wav,0,0,1,0.9368071556091309,0.0019045299850404263,0.025607062503695488,0.029073327779769897,0.0008970045018941164,0.0033819549717009068,0.0023289257660508156
Whisper-base,8,14a01Wc.wav,0,0,1,0.9293531179428101,0.0018384131835773587,0.023073574528098106,0.03783811256289482,0.0013410771498456597,0.0048554134555161,0.0017002541571855545
Whisper-base,8,14a02Ab.wav,2,2,1,0.005824315827339888,0.004355825949460268,0.886201024055481,0.035125117748975754,0.0012888375204056501,0.06571856141090393,0.0014863432152196765
Whisper-base,8,14a02Ea.wav,5,5,1,0.00013271236093714833,0.00499643525108695,0.013037517666816711,0.01201658882200718,0.0028892450500279665,0.965848445892334,0.0010791049571707845
Whisper-base,8,14a02Fd.wav,3,3,1,0.08959481120109558,0.0015842976281419396,0.00739399716258049,0.8787500858306885,0.00035075360210612416,0.0072174277156591415,0.015108659863471985
Whisper-base,8,14a02La.wav,1,1,1,3.8768725062254816e-05,0.496155709028244,0.0067219361662864685,0.008163819089531898,0.002680991543456912,0.04494873434305191,0.4412900507450104
Whisper-base,8,14a02Nc.wav,6,6,1,3.4980035707121715e-05,0.46007856726646423,0.011988361366093159,0.007877049036324024,0.001187008572742343,0.015506519936025143,0.503327488899231
Whisper-base,8,14a02Tb.wav,4,4,1,7.5036132329842076e-06,0.24141940474510193,0.05650828406214714,0.0005610656226053834,0.4171353280544281,0.2795049548149109,0.004863461945205927
Whisper-base,8,14a02Wa.wav,0,0,1,0.9149743914604187,0.0012318838853389025,0.009016820229589939,0.0681178867816925,0.0008118435507640243,0.004080822225660086,0.0017663161270320415
Whisper-base,8,14a02Wc.wav,0,0,1,0.9062753319740295,0.0012975982390344143,0.005603580269962549,0.07996658235788345,0.000921933853533119,0.004178484436124563,0.001756370416842401
Whisper-base,8,14a04Aa.wav,2,2,1,0.13191820681095123,0.006516708992421627,0.7971239686012268,0.030273061245679855,0.0025770238135010004,0.0261408481746912,0.0054502347484230995
Whisper-base,8,14a04Ed.wav,5,5,1,0.00047358658048324287,0.003922923468053341,0.03610978275537491,0.05274505913257599,0.004221030976623297,0.9008697271347046,0.001657829387113452
Whisper-base,8,14a04Lb.wav,1,6,0,0.0003074842970818281,0.016624925658106804,0.0029201803263276815,0.08135268092155457,0.0001085714393411763,0.005068459548056126,0.8936177492141724
Whisper-base,8,14a04Tb.wav,4,4,1,7.0811643126944546e-06,0.09441783279180527,0.020680170506238937,0.00029933967744000256,0.7983088493347168,0.08332344144582748,0.0029633017256855965
Whisper-base,8,14a04Tc.wav,4,4,1,4.404542437441705e-07,0.013286507688462734,0.0003716551000252366,7.220514817163348e-06,0.9818940758705139,0.004372876137495041,6.718130316585302e-05
Whisper-base,8,14a04Wb.wav,0,0,1,0.9082483649253845,0.0020200442522764206,0.02215667814016342,0.05973022058606148,0.0005560374702326953,0.003379635512828827,0.003908976446837187
Whisper-base,8,14a04Wc.wav,0,3,0,0.32628023624420166,0.001563514699228108,0.0036602162290364504,0.6526989340782166,0.0006164810038171709,0.0065826429054141045,0.008597970008850098
Whisper-base,8,14a05Aa.wav,2,2,1,0.0069151078350842,0.002279525389894843,0.9765499234199524,0.0016555662732571363,0.001055429456755519,0.010743063874542713,0.0008013617480173707
Whisper-base,8,14a05Ac.wav,2,2,1,0.02241203933954239,0.006385785527527332,0.8799418807029724,0.028278782963752747,0.0037175279576331377,0.056693997234106064,0.0025700319092720747
Whisper-base,8,14a05Fa.wav,3,0,0,0.8628124594688416,0.0033613606356084347,0.02443431317806244,0.09291469305753708,0.0018293256871402264,0.009976541623473167,0.0046713463962078094
Whisper-base,8,14a05Fb.wav,3,0,0,0.8510649800300598,0.0017000678926706314,0.010034797713160515,0.12799066305160522,0.0009270228329114616,0.004341275431215763,0.003941213246434927
Whisper-base,8,14a05Lb.wav,1,6,0,0.00010891790589084849,0.10397674888372421,0.002222125418484211,0.011529956012964249,0.0002653950359672308,0.006194182671606541,0.8757026791572571
Whisper-base,8,14a05Na.wav,6,6,1,6.157494499348104e-05,0.07159989327192307,0.004832745995372534,0.0096333809196949,0.0003354817454237491,0.006524639669805765,0.9070123434066772
Whisper-base,8,14a05Ta.wav,4,4,1,3.3777735097828554e-06,0.10369902849197388,0.005193210672587156,7.657805690541863e-05,0.8750712275505066,0.014116611331701279,0.0018399797845631838
Whisper-base,8,14a05Tc.wav,4,4,1,2.9438763249345357e-06,0.07852195203304291,0.0020380858331918716,4.7142020775936544e-05,0.9056842923164368,0.013071175664663315,0.000634459953289479
Whisper-base,8,14a05Wa.wav,0,0,1,0.9209140539169312,0.0037088366225361824,0.02982034534215927,0.031114423647522926,0.0026923269033432007,0.009415514767169952,0.0023345695808529854
Whisper-base,8,14a05Wb.wav,0,0,1,0.9390626549720764,0.002203825395554304,0.018184076994657516,0.03305597975850105,0.0011278045130893588,0.0042708623223006725,0.0020947062876075506
Whisper-base,8,14a07Aa.wav,2,2,1,0.001335044507868588,0.0017008910654112697,0.9686262011528015,0.009840664453804493,0.0015699976356700063,0.01429014652967453,0.0026369651313871145
Whisper-base,8,14a07Eb.wav,5,5,1,7.954755710670725e-05,0.06048459932208061,0.021036025136709213,0.0059363809414207935,0.006599914748221636,0.8984139561653137,0.007449526339769363
Whisper-base,8,14a07Fd.wav,3,3,1,0.10813476145267487,0.0007314580725505948,0.0060442108660936356,0.8724181652069092,0.000288126349914819,0.003958087880164385,0.008425170555710793
Whisper-base,8,14a07Lc.wav,1,6,0,0.0001885562523966655,0.4368928372859955,0.015306039713323116,0.027644701302051544,0.00246441294439137,0.03954124078154564,0.4779622256755829
Whisper-base,8,14a07Ld.wav,1,6,0,6.21925137238577e-05,0.35457390546798706,0.0026574369985610247,0.007439333014190197,0.0008096813689917326,0.00972524844110012,0.6247321963310242
Whisper-base,8,14a07Na.wav,6,6,1,0.00013475374726112932,0.01554502546787262,0.011762683279812336,0.027389146387577057,0.00010014048166340217,0.0019333765376359224,0.9431349039077759
Whisper-base,8,14a07Tc.wav,4,4,1,1.4620633237427683e-06,0.06804303079843521,0.0012312813196331263,2.7000742193195038e-05,0.9157556891441345,0.01460082083940506,0.0003407062031328678
Whisper-base,8,14a07Wc.wav,0,0,1,0.9123756289482117,0.0011550883064046502,0.008002012968063354,0.07258816063404083,0.000806381634902209,0.0034132772125303745,0.0016594420885667205
Whisper-base,8,14b01Ac.wav,2,2,1,0.07299686223268509,0.006593732628971338,0.861082136631012,0.01772129535675049,0.003669964848086238,0.03600397706031799,0.0019320481223985553
Whisper-base,8,14b01Eb.wav,5,5,1,0.0003439697902649641,0.0217879768460989,0.06266961991786957,0.048450980335474014,0.00391352828592062,0.8336114883422852,0.029222451150417328
Whisper-base,8,14b01Fa.wav,3,3,1,0.22547975182533264,0.0024492195807397366,0.013689028099179268,0.7321348786354065,0.0006031449884176254,0.007588461507111788,0.018055494874715805
Whisper-base,8,14b01Fc.wav,3,3,1,0.07057169079780579,0.0012552469270303845,0.0036696132738143206,0.908065676689148,0.0004338017606642097,0.006852392572909594,0.009151658974587917
Whisper-base,8,14b01Na.wav,6,6,1,3.671344893518835e-05,0.02586795948445797,0.00309817329980433,0.012780582532286644,0.00015366637671831995,0.005219591781497002,0.9528432488441467
Whisper-base,8,14b01Wc.wav,0,0,1,0.8800247311592102,0.0029961641412228346,0.02736450918018818,0.07445712387561798,0.0017734357388690114,0.009738078340888023,0.003645968157798052
Whisper-base,8,14b02Aa.wav,2,0,0,0.4715801775455475,0.00544747244566679,0.46608611941337585,0.022433536127209663,0.004459141753613949,0.02744527906179428,0.002548197051510215
Whisper-base,8,14b02Fb.wav,3,0,0,0.7296070456504822,0.001662831287831068,0.016087668016552925,0.24012941122055054,0.0008542819996364415,0.006851977203041315,0.004806865006685257
Whisper-base,8,14b02Na.wav,6,6,1,8.930727926781401e-05,0.019800255075097084,0.0014434593031182885,0.015739958733320236,6.847426266176626e-05,0.002284782938659191,0.9605737328529358
Whisper-base,8,14b02Tc.wav,4,4,1,3.032857193829841e-06,0.02340434491634369,0.0013387836515903473,4.203116623102687e-05,0.9664453864097595,0.008443444967269897,0.0003229423600714654
Whisper-base,8,14b02Wb.wav,0,0,1,0.8994901180267334,0.0024344446137547493,0.023398177698254585,0.061270877718925476,0.0014227752108126879,0.008805382996797562,0.003178216516971588
Whisper-base,8,14b02Wd.wav,0,0,1,0.7318408489227295,0.0012989791575819254,0.009872735477983952,0.24561522901058197,0.000608819245826453,0.004016797989606857,0.006746606435626745
Whisper-base,8,14b03Ad.wav,2,2,1,0.04588325694203377,0.00840301439166069,0.6571849584579468,0.08683761209249496,0.008224407210946083,0.1892082542181015,0.004258440341800451
Whisper-base,8,14b03Ed.wav,5,5,1,0.0014961529523134232,0.005882828496396542,0.045244306325912476,0.13066329061985016,0.005335494410246611,0.805899977684021,0.005478047300130129
Whisper-base,8,14b03Lb.wav,1,1,1,4.232854917063378e-05,0.763938844203949,0.009438056498765945,0.004762872587889433,0.0018086654599756002,0.03855784609913826,0.18145139515399933
Whisper-base,8,14b03Ta.wav,4,4,1,2.1215346350800246e-06,0.024195853620767593,0.0009704403928481042,2.9286882636370137e-05,0.9608534574508667,0.013759481720626354,0.0001893033186206594
Whisper-base,8,14b03Wb.wav,0,0,1,0.8040979504585266,0.0028606511186808348,0.016546526923775673,0.15376481413841248,0.002780772978439927,0.016423773020505905,0.003525539766997099
Whisper-base,8,14b09Ac.wav,2,2,1,0.002863398753106594,0.008188989944756031,0.688442051410675,0.17086546123027802,0.0026533883064985275,0.09426876157522202,0.03271790221333504
Whisper-base,8,14b09Ea.wav,5,5,1,8.757819887250662e-05,0.016105040907859802,0.05493678152561188,0.002549431985244155,0.014136514626443386,0.9112130999565125,0.0009714426123537123
Whisper-base,8,14b09Fc.wav,3,0,0,0.6141807436943054,0.0029145146254450083,0.018298158422112465,0.34318095445632935,0.001441381056793034,0.01041389349848032,0.009570334106683731
Whisper-base,8,14b09Lb.wav,1,1,1,3.3229036489501595e-05,0.8691743612289429,0.006953434087336063,0.0028977382462471724,0.0013856060104444623,0.021463889628648758,0.0980917438864708
Whisper-base,8,14b09Td.wav,4,4,1,1.1790625649155118e-06,0.030422046780586243,0.002456078538671136,2.308837247255724e-05,0.9445555210113525,0.022388041019439697,0.00015412541688419878
Whisper-base,8,14b09Wa.wav,0,0,1,0.921994149684906,0.0022698254324495792,0.008968571200966835,0.055695440620183945,0.001903932890854776,0.0070189181715250015,0.002149027306586504
Whisper-base,8,14b09Wc.wav,0,0,1,0.9745669960975647,0.0011865569977089763,0.008816906251013279,0.011867341585457325,0.0007224999717436731,0.002068285131826997,0.0007713537197560072
Whisper-base,8,14b10Ad.wav,2,2,1,0.009287233464419842,0.02906782366335392,0.7363367080688477,0.07651810348033905,0.0014298175228759646,0.03198717162013054,0.11537317931652069
Whisper-base,8,14b10Eb.wav,5,5,1,0.00012361675908323377,0.06971334666013718,0.022379858419299126,0.02314671315252781,0.00275370292365551,0.8601331114768982,0.02174963429570198
Whisper-base,8,14b10Lb.wav,1,6,0,0.00012965455243829638,0.02458743378520012,0.003935434389859438,0.035461459308862686,8.161254663718864e-05,0.0032031976152211428,0.9326012134552002
Whisper-base,8,14b10Nb.wav,6,6,1,0.00011030831228708848,0.012887608259916306,0.002859686501324177,0.030705144628882408,5.334161323844455e-05,0.0018988095689564943,0.9514850378036499
Whisper-base,8,14b10Tc.wav,4,4,1,1.0434520163471461e-06,0.03260248526930809,0.0011849389411509037,2.0673704057116993e-05,0.9583833813667297,0.007534894626587629,0.00027258871705271304
Whisper-base,8,14b10Wc.wav,0,0,1,0.9644935131072998,0.0010733900126069784,0.008755646646022797,0.021643998101353645,0.0006359625258482993,0.0023479359224438667,0.0010495494352653623
Whisper-base,9,15a01Ea.wav,5,5,1,0.003915681969374418,0.019353821873664856,0.04600990191102028,0.21129827201366425,0.0037915047723799944,0.7092501521110535,0.006380655337125063
Whisper-base,9,15a01Fb.wav,3,0,0,0.4749554395675659,0.0512220598757267,0.06160484626889229,0.13513347506523132,0.030720794573426247,0.10312778502702713,0.14323554933071136
Whisper-base,9,15a01La.wav,1,1,1,5.601458724413533e-06,0.9260208606719971,0.009897898882627487,0.0005232903058640659,0.03162486478686333,0.0058627002872526646,0.026064760982990265
Whisper-base,9,15a01Nb.wav,6,6,1,9.915154078043997e-05,0.047781020402908325,0.1278686374425888,0.015208479948341846,0.009168279357254505,0.004249097313731909,0.7956253886222839
Whisper-base,9,15a01Wa.wav,0,0,1,0.7592858076095581,0.014963598921895027,0.04375554993748665,0.06266546249389648,0.021867794916033745,0.06947874277830124,0.02798299677670002
Whisper-base,9,15a02Ac.wav,2,2,1,0.001816434203647077,0.017099732533097267,0.5499162077903748,0.2335323691368103,0.012352611869573593,0.15019197762012482,0.03509065881371498
Whisper-base,9,15a02Ea.wav,5,5,1,0.0009241461521014571,0.012844951823353767,0.06613001227378845,0.03664550185203552,0.002729511819779873,0.8770672678947449,0.0036586399655789137
Whisper-base,9,15a02La.wav,1,1,1,4.617458216671366e-06,0.9316273331642151,0.0032919696532189846,0.00015171927225310355,0.04182177782058716,0.020085914060473442,0.0030166434589773417
Whisper-base,9,15a02Na.wav,6,6,1,6.617826875299215e-05,0.05808692425489426,0.014311476610600948,0.011734279803931713,0.00447044288739562,0.0026982533745467663,0.9086323976516724
Whisper-base,9,15a02Ta.wav,4,1,0,3.4509583201725036e-05,0.4036988914012909,0.044548023492097855,0.0015773518243804574,0.38072434067726135,0.1650317758321762,0.004385082051157951
Whisper-base,9,15a02Wb.wav,0,0,1,0.9635239243507385,0.0029176913667470217,0.005105727817863226,0.008407652378082275,0.005934326443821192,0.012151948176324368,0.0019588451832532883
Whisper-base,9,15a02Wd.wav,0,0,1,0.9354900121688843,0.005728004965931177,0.009288393892347813,0.014365090057253838,0.007775917183607817,0.021425487473607063,0.005927171092480421
Whisper-base,9,15a04Ab.wav,2,2,1,0.0005357205518521369,0.008842488750815392,0.8958137035369873,0.05626959726214409,0.00994673278182745,0.008951091207563877,0.019640684127807617
Whisper-base,9,15a04Ac.wav,2,3,0,0.0029424105305224657,0.016259897500276566,0.19040454924106598,0.644130289554596,0.007134708575904369,0.03315203636884689,0.10597609728574753
Whisper-base,9,15a04Fd.wav,3,0,0,0.6272531747817993,0.003593910252675414,0.017053745687007904,0.3197444677352905,0.004009296651929617,0.01412425097078085,0.014221133664250374
Whisper-base,9,15a04Nc.wav,6,6,1,1.7829681382863782e-05,0.13309697806835175,0.0052650864236056805,0.006679296027868986,0.0026230039075016975,0.0012032464146614075,0.8511145710945129
Whisper-base,9,15a04Wa.wav,0,0,1,0.9433060884475708,0.004364110063761473,0.007817947305738926,0.017680495977401733,0.006792350672185421,0.015558288432657719,0.004480709787458181
Whisper-base,9,15a04Wb.wav,0,0,1,0.9542267322540283,0.002483650343492627,0.005275890231132507,0.022839223966002464,0.00409484701231122,0.007871855981647968,0.003207811154425144
Whisper-base,9,15a05Eb.wav,5,5,1,0.0003955877909902483,0.044664546847343445,0.03970607370138168,0.027597760781645775,0.007384440861642361,0.8780430555343628,0.0022085674572736025
Whisper-base,9,15a05Fb.wav,3,3,1,0.01847303844988346,0.004095310345292091,0.016524797305464745,0.8663896322250366,0.0028339698910713196,0.00788621325045824,0.08379700034856796
Whisper-base,9,15a05Lb.wav,1,1,1,8.79430808709003e-06,0.8251525163650513,0.00709899328649044,0.0005191692034713924,0.1339154839515686,0.021606411784887314,0.011698548682034016
Whisper-base,9,15a05Na.wav,6,6,1,3.390337587916292e-05,0.07300762832164764,0.011918894946575165,0.011899996548891068,0.0030310931615531445,0.0028418926522135735,0.8972665667533875
Whisper-base,9,15a05Wa.wav,0,0,1,0.9129809737205505,0.0071639311499893665,0.011150022968649864,0.026097629219293594,0.012789808213710785,0.023133570328354836,0.006684042047709227
Whisper-base,9,15a07Ac.wav,2,2,1,0.002688600681722164,0.01080107782036066,0.70304936170578,0.17585942149162292,0.011408211663365364,0.03347334265708923,0.06271992623806
Whisper-base,9,15a07Eb.wav,5,5,1,0.00046630564611405134,0.17828351259231567,0.06171851605176926,0.03758126124739647,0.02747448906302452,0.6695576310157776,0.02491827867925167
Whisper-base,9,15a07Fa.wav,3,3,1,0.15784834325313568,0.007654299959540367,0.012582888826727867,0.7363266348838806,0.004081078339368105,0.0299974475055933,0.05150926858186722
Whisper-base,9,15a07Fb.wav,3,3,1,0.09604374319314957,0.017446085810661316,0.10663565993309021,0.5545182228088379,0.012565943412482738,0.04839414730668068,0.16439619660377502
Whisper-base,9,15a07Ld.wav,1,1,1,6.948074769752566e-06,0.9193602800369263,0.005218287464231253,0.0018800442339852452,0.004969002213329077,0.008399073034524918,0.06016648933291435
Whisper-base,9,15a07Nc.wav,6,6,1,2.3992890419322066e-05,0.09968682378530502,0.015164798125624657,0.007842463441193104,0.003666725941002369,0.0023013106547296047,0.8713138699531555
Whisper-base,9,15b01Ec.wav,5,3,0,0.01049305871129036,0.006376804783940315,0.2989640533924103,0.5640195608139038,0.008844674564898014,0.09715425223112106,0.014147559180855751
Whisper-base,9,15b01Lb.wav,1,1,1,4.401359547046013e-06,0.9055415987968445,0.007763070985674858,0.0005500661209225655,0.05364355817437172,0.012685591354966164,0.01981160044670105
Whisper-base,9,15b01Na.wav,6,6,1,0.00011376732436474413,0.013613582588732243,0.014900579117238522,0.03505326807498932,0.001589022227562964,0.0019969765562564135,0.9327328205108643
Whisper-base,9,15b01Wc.wav,0,3,0,0.10525838285684586,0.003420067485421896,0.016244685277342796,0.822281002998352,0.003528631990775466,0.011672076769173145,0.0375952273607254
Whisper-base,9,15b02Aa.wav,2,3,0,0.13052484393119812,0.004070599097758532,0.3369066119194031,0.46957921981811523,0.012860759161412716,0.03697385638952255,0.009084089659154415
Whisper-base,9,15b02Lb.wav,1,1,1,7.098690275597619e-06,0.5924025177955627,0.012525180354714394,0.00027376064099371433,0.37950730323791504,0.009383216500282288,0.005900968797504902
Whisper-base,9,15b02Nd.wav,6,6,1,0.00012472152593545616,0.013052280992269516,0.009399160742759705,0.02061951905488968,0.0017318450845777988,0.0019586083944886923,0.9531137943267822
Whisper-base,9,15b02Tc.wav,4,4,1,4.4953148972126655e-06,0.020593343302607536,0.00804873276501894,7.326267950702459e-05,0.9654788374900818,0.005136110354214907,0.0006652121082879603
Whisper-base,9,15b02Wa.wav,0,0,1,0.9220660328865051,0.006140450015664101,0.011294016614556313,0.025033941492438316,0.010404535569250584,0.018102947622537613,0.006958041340112686
Whisper-base,9,15b02Wc.wav,0,0,1,0.9253986477851868,0.00638938881456852,0.007318320218473673,0.026024997234344482,0.010731607675552368,0.017308898270130157,0.006828089244663715
Whisper-base,9,15b03Aa.wav,2,2,1,0.00013437353482004255,0.0017961431294679642,0.9204838871955872,0.002628730610013008,0.061668574810028076,0.011167796328663826,0.0021205113735049963
Whisper-base,9,15b03Lc.wav,1,1,1,1.6297144611598924e-05,0.9274634122848511,0.003369544632732868,0.001612782827578485,0.006296675186604261,0.017863264307379723,0.04337804391980171
Whisper-base,9,15b03Nb.wav,6,6,1,3.6839563108514994e-05,0.023657042533159256,0.010361523367464542,0.01638675294816494,0.0014346579555422068,0.0031458453740924597,0.9449772238731384
Whisper-base,9,15b03Tc.wav,4,4,1,1.3414642126008403e-05,0.014567979611456394,0.01012055017054081,0.00016278665862046182,0.96883225440979,0.005497077014297247,0.000805972667876631
Whisper-base,9,15b03Wa.wav,0,0,1,0.7832908034324646,0.0032388644758611917,0.008508307859301567,0.16939851641654968,0.005130400415509939,0.019859833642840385,0.010573260486125946
Whisper-base,9,15b03Wb.wav,0,0,1,0.8980978727340698,0.002685264218598604,0.006444759666919708,0.06798072904348373,0.004662430379539728,0.014746800065040588,0.005382169969379902
Whisper-base,9,15b09Ac.wav,2,3,0,0.005198030732572079,0.005647922400385141,0.3041788637638092,0.5967175960540771,0.006077113561332226,0.03103591687977314,0.05114459618926048
Whisper-base,9,15b09Fa.wav,3,3,1,0.1672804355621338,0.0070958868600428104,0.025428805500268936,0.7070333957672119,0.005547912325710058,0.02736784890294075,0.060245711356401443
Whisper-base,9,15b09La.wav,1,4,0,9.989646059693769e-06,0.37210813164711,0.03727799654006958,0.0008431088062934577,0.566290020942688,0.013169136829674244,0.010301616974174976
Whisper-base,9,15b09Nb.wav,6,6,1,4.161511969869025e-05,0.11930052191019058,0.02273557521402836,0.012671257369220257,0.004366791807115078,0.003012995468452573,0.837871253490448
Whisper-base,9,15b09Ta.wav,4,4,1,5.28588134329766e-06,0.024837691336870193,0.010713901370763779,9.516996942693368e-05,0.9597368836402893,0.0039801024831831455,0.000630974886007607
Whisper-base,9,15b09Wb.wav,0,0,1,0.9679065346717834,0.0018092439277097583,0.0041414001025259495,0.013368604704737663,0.003056660760194063,0.007730546407401562,0.001987065654247999
Whisper-base,9,15b10Ac.wav,2,2,1,0.05237588658928871,0.020153304561972618,0.4849434494972229,0.23831255733966827,0.019879644736647606,0.08247430622577667,0.10186082869768143
Whisper-base,9,15b10Lc.wav,1,1,1,3.140987928418326e-06,0.973904550075531,0.0017511423211544752,0.00037457322468981147,0.003997654654085636,0.010223333723843098,0.009745650924742222
Whisper-base,9,15b10Nb.wav,6,6,1,0.00016114259778987616,0.035448793321847916,0.03742310404777527,0.015365326777100563,0.004489237442612648,0.0026442462112754583,0.9044679999351501
Whisper-base,9,15b10Nc.wav,6,6,1,5.576605326496065e-05,0.04880457744002342,0.03680367022752762,0.017279036343097687,0.0035078790970146656,0.005354102700948715,0.8881949782371521
Whisper-base,9,15b10Wa.wav,0,0,1,0.8216573596000671,0.021253855898976326,0.035912107676267624,0.013450534082949162,0.03289451450109482,0.05985581874847412,0.014975875616073608
Whisper-base,10,16a01Ec.wav,5,3,0,0.00332980090752244,0.03945424035191536,0.01124259177595377,0.525032103061676,0.003455689176917076,0.16185510158538818,0.2556304633617401
Whisper-base,10,16a01Fc.wav,3,3,1,0.00639881519600749,0.0012683345703408122,0.004368942230939865,0.9392920732498169,0.00042817089706659317,0.02714468352496624,0.02109905146062374
Whisper-base,10,16a01Lb.wav,1,1,1,0.00018585716316010803,0.7240071892738342,0.005942125804722309,0.008441341109573841,0.007431291975080967,0.026617761701345444,0.22737444937229156
Whisper-base,10,16a01Nc.wav,6,6,1,0.0001401929184794426,0.3560631275177002,0.020689968019723892,0.010988359339535236,0.0021192971616983414,0.01137181743979454,0.5986272692680359
Whisper-base,10,16a01Tb.wav,4,4,1,9.578288882039487e-06,0.021218400448560715,0.0002902178675867617,8.160805009538308e-06,0.960418164730072,0.018007822334766388,4.7608657041564584e-05
Whisper-base,10,16a01Wb.wav,0,0,1,0.9349951148033142,0.0014588532503694296,0.004884890280663967,0.040325604379177094,0.0068468814715743065,0.010803590528666973,0.0006850875215604901
Whisper-base,10,16a02Ea.wav,5,5,1,0.0019226664444431663,0.014158215373754501,0.00960803497582674,0.10006914287805557,0.0030485023744404316,0.8585761785507202,0.012617195956408978
Whisper-base,10,16a02Ec.wav,5,3,0,0.0031830258667469025,0.011890067718923092,0.00736470939591527,0.7140251994132996,0.0014759142650291324,0.13627409934997559,0.12578701972961426
Whisper-base,10,16a02Lb.wav,1,1,1,3.1036415748531e-05,0.6472408175468445,0.0051285745576024055,0.0004177029768470675,0.08606822788715363,0.2569522559642792,0.004161366261541843
Whisper-base,10,16a02Nb.wav,6,6,1,0.00033782230457291007,0.07373716682195663,0.007065983023494482,0.09312152862548828,0.0005848457803949714,0.017556924372911453,0.8075957894325256
Whisper-base,10,16a02Tc.wav,4,4,1,2.405428176643909e-06,0.015631210058927536,7.098678179318085e-05,1.3813213399771485e-06,0.980381190776825,0.0038985228165984154,1.4253819244913757e-05
Whisper-base,10,16a02Wb.wav,0,0,1,0.9410926103591919,0.0017885701963678002,0.007885764352977276,0.03358346223831177,0.005100140813738108,0.009580802172422409,0.0009686376433819532
Whisper-base,10,16a04Ab.wav,2,2,1,0.10129414498806,0.0046414220705628395,0.63150554895401,0.2214629203081131,0.0030113954562693834,0.02182099223136902,0.016263561323285103
Whisper-base,10,16a04Ea.wav,5,1,0,0.00010446284431964159,0.5034804940223694,0.013722075149416924,0.002443472156301141,0.028865821659564972,0.43572601675987244,0.015657717362046242
Whisper-base,10,16a04Fa.wav,3,3,1,0.14473994076251984,0.0016268688486889005,0.0018579427851364017,0.82321697473526,0.0014899859670549631,0.018523316830396652,0.00854502059519291
Whisper-base,10,16a04La.wav,1,1,1,6.362705789797474e-06,0.8857621550559998,0.0019347605993971229,3.6472098145168275e-05,0.08995766192674637,0.019004039466381073,0.0032985040452331305
Whisper-base,10,16a04Lc.wav,1,1,1,1.7486850993009284e-05,0.5782139897346497,0.0023827250115573406,5.4498217650689185e-05,0.3806861639022827,0.036319904029369354,0.002325257519260049
Whisper-base,10,16a04Nc.wav,6,6,1,7.37860900699161e-05,0.07030127942562103,0.002583329565823078,0.01369523350149393,0.00020492717158049345,0.0014604820171371102,0.9116808772087097
Whisper-base,10,16a04Tc.wav,4,4,1,3.911368821718497e-06,0.015416357666254044,8.577932749176398e-05,2.0936049622832797e-06,0.9821321964263916,0.0023320720065385103,2.7685773602570407e-05
Whisper-base,10,16a04Wb.wav,0,0,1,0.8195473551750183,0.001251542940735817,0.006478053983300924,0.14837870001792908,0.003992962185293436,0.018667234107851982,0.0016841350588947535
Whisper-base,10,16a04Wc.wav,0,0,1,0.9651390910148621,0.0006514797569252551,0.0033852923661470413,0.022875918075442314,0.0031339426059275866,0.004446624778211117,0.0003675945627037436
Whisper-base,10,16a05Ab.wav,2,3,0,0.01319771260023117,0.00885187741369009,0.16315358877182007,0.6782369613647461,0.0017277853330597281,0.045605748891830444,0.08922634273767471
Whisper-base,10,16a05Ea.wav,5,5,1,0.004355276003479958,0.14310455322265625,0.024422604590654373,0.16649124026298523,0.009347042068839073,0.3737310469150543,0.2785482108592987
Whisper-base,10,16a05Fc.wav,3,3,1,0.2749263048171997,0.00324478792026639,0.006062061991542578,0.6531047224998474,0.004684397950768471,0.04869352653622627,0.009284251369535923
Whisper-base,10,16a05La.wav,1,6,0,0.00030426433659158647,0.41687971353530884,0.003674262436106801,0.01617799885571003,0.004183863755315542,0.01824278198182583,0.5405371785163879
Whisper-base,10,16a05Tb.wav,4,4,1,1.3198438864492346e-05,0.02353930100798607,0.0002016757061937824,7.78932917455677e-06,0.9720181226730347,0.00414277845993638,7.714782987022772e-05
Whisper-base,10,16a05Wb.wav,0,0,1,0.7446429133415222,0.0029323245398700237,0.005814563482999802,0.21292747557163239,0.007561435457319021,0.02263222075998783,0.0034890291281044483
Whisper-base,10,16a05Wc.wav,0,0,1,0.9571306705474854,0.0013089344138279557,0.0067223901860415936,0.019187746569514275,0.00713762640953064,0.008033380843698978,0.00047918452764861286
Whisper-base,10,16a07Ea.wav,5,5,1,0.00054250966059044,0.07077772915363312,0.022070927545428276,0.03217579051852226,0.0047279405407607555,0.8357206583023071,0.033984407782554626
Whisper-base,10,16a07Fa.wav,3,3,1,0.12108063697814941,0.002646437846124172,0.001471526687964797,0.8404662013053894,0.0018064770847558975,0.021682078018784523,0.010846680030226707
Whisper-base,10,16a07Fb.wav,3,3,1,0.32222387194633484,0.0019272726494818926,0.0023985295556485653,0.6445844769477844,0.002691477071493864,0.019739938899874687,0.006434487644582987
Whisper-base,10,16a07La.wav,1,1,1,3.8711248635081574e-05,0.723653256893158,0.011418838053941727,0.0004894290468655527,0.19514940679073334,0.053716834634542465,0.015533573925495148
Whisper-base,10,16a07Lb.wav,1,1,1,1.228392829943914e-05,0.6749232411384583,0.003083073766902089,6.022788511472754e-05,0.21529752016067505,0.10513276606798172,0.0014908770099282265
Whisper-base,10,16a07Nb.wav,6,6,1,0.00010380120511399582,0.23724593222141266,0.0050752246752381325,0.009901692159473896,0.0015298229409381747,0.003866686951369047,0.7422768473625183
Whisper-base,10,16a07Td.wav,4,4,1,3.536938720571925e-06,0.014868669211864471,7.408801320707425e-05,1.664217961661052e-06,0.9830524921417236,0.0019791247323155403,2.0513312847469933e-05
Whisper-base,10,16a07Wa.wav,0,0,1,0.9209820032119751,0.0010533789172768593,0.004353361204266548,0.05870417505502701,0.004164160694926977,0.009888149797916412,0.0008547200122848153
Whisper-base,10,16b01Aa.wav,2,2,1,0.0017465000273659825,0.02063218131661415,0.3407166600227356,0.3257497251033783,0.0016406849026679993,0.25568389892578125,0.05383029580116272
Whisper-base,10,16b01Eb.wav,5,5,1,0.002177385613322258,0.05118013545870781,0.01512143388390541,0.24297745525836945,0.003769540460780263,0.5616390109062195,0.12313498556613922
Whisper-base,10,16b01Fa.wav,3,3,1,0.10028121620416641,0.0024451615754514933,0.01110930647701025,0.8306730389595032,0.001930507947690785,0.039520759135484695,0.014040051028132439
Whisper-base,10,16b01La.wav,1,1,1,1.9876082660630345e-05,0.8471841216087341,0.004432608839124441,0.00021161139011383057,0.08209964632987976,0.05405299738049507,0.011999175883829594
Whisper-base,10,16b01Lc.wav,1,1,1,6.648155249422416e-06,0.9005361795425415,0.00486251013353467,7.231692143250257e-05,0.031238842755556107,0.0598626546561718,0.0034207855351269245
Whisper-base,10,16b01Tb.wav,4,4,1,4.598478881234769e-06,0.028292017057538033,0.00017908040899783373,2.934411213573185e-06,0.9647572636604309,0.006733080837875605,3.099818422924727e-05
Whisper-base,10,16b01Wa.wav,0,3,0,0.30177462100982666,0.0025930749252438545,0.005708218086510897,0.6604249477386475,0.0023587169125676155,0.014090086333453655,0.013050301931798458
Whisper-base,10,16b01Wb.wav,0,0,1,0.9342495203018188,0.0012037560809403658,0.006336555816233158,0.04574771970510483,0.004527426790446043,0.006915309466421604,0.0010196210350841284
Whisper-base,10,16b02Aa.wav,2,3,0,0.14895451068878174,0.003729003481566906,0.029966026544570923,0.7535042762756348,0.002754970220848918,0.041504792869091034,0.019586339592933655
Whisper-base,10,16b02Eb.wav,5,5,1,0.001886776415631175,0.10690911114215851,0.027875296771526337,0.15877482295036316,0.004235339350998402,0.4074302315711975,0.2928884029388428
Whisper-base,10,16b02Fd.wav,3,3,1,0.135854110121727,0.002170294290408492,0.006098640616983175,0.8145185112953186,0.0020994171500205994,0.027165895327925682,0.012093113735318184
Whisper-base,10,16b02Lb.wav,1,1,1,2.1421172277769074e-05,0.9383513927459717,0.002104392508044839,0.0003738126251846552,0.010660928674042225,0.012457803823053837,0.036030251532793045
Whisper-base,10,16b02Wb.wav,0,0,1,0.9463191032409668,0.0012567844241857529,0.004651315975934267,0.034335289150476456,0.005400892347097397,0.007281014695763588,0.0007556079071946442
Whisper-base,10,16b03Ad.wav,2,3,0,0.01457212958484888,0.004560762085020542,0.022871721535921097,0.8440340757369995,0.001449190778657794,0.08068370074033737,0.03182845935225487
Whisper-base,10,16b03Ea.wav,5,5,1,0.003511558286845684,0.08658599108457565,0.016016798093914986,0.12561331689357758,0.011269223876297474,0.6524074077606201,0.10459574311971664
Whisper-base,10,16b03Fa.wav,3,3,1,0.2543202340602875,0.0023744506761431694,0.003914807457476854,0.6886188983917236,0.004043022636324167,0.03875448927283287,0.007974045351147652
Whisper-base,10,16b03Fd.wav,3,3,1,0.15398481488227844,0.002235426800325513,0.002205071970820427,0.8021090626716614,0.0026964391581714153,0.026369433850049973,0.010399789549410343
Whisper-base,10,16b03La.wav,1,1,1,4.1687977500259876e-05,0.889987587928772,0.004638409707695246,0.0006928126676939428,0.025594547390937805,0.050603464245796204,0.02844146639108658
Whisper-base,10,16b03Nb.wav,6,6,1,0.0007326312479563057,0.08961546421051025,0.012941889464855194,0.1277429461479187,0.001541919307783246,0.06392031908035278,0.7035048604011536
Whisper-base,10,16b03Ta.wav,4,4,1,2.396948002569843e-05,0.05652318894863129,0.0006703741964884102,3.263466714997776e-05,0.9266037940979004,0.015803586691617966,0.0003423936141189188
Whisper-base,10,16b03Wb.wav,0,0,1,0.8299084305763245,0.002820023102685809,0.006123511120676994,0.12578782439231873,0.00904996320605278,0.023765020072460175,0.0025451916735619307
Whisper-base,10,16b09Ab.wav,2,3,0,0.19218558073043823,0.006653747521340847,0.2127300500869751,0.5193625092506409,0.004626954440027475,0.040102746337652206,0.02433839812874794
Whisper-base,10,16b09Eb.wav,5,5,1,0.0004172984918113798,0.05915422737598419,0.012958422303199768,0.002818494103848934,0.022408602759242058,0.8994898200035095,0.002753203734755516
Whisper-base,10,16b09Fb.wav,3,0,0,0.8264535665512085,0.0024422628339380026,0.007301938254386187,0.1312757432460785,0.008094357326626778,0.022221380844712257,0.002210714155808091
Whisper-base,10,16b09La.wav,1,1,1,5.859692828380503e-05,0.8172097206115723,0.012446600012481213,0.002955965930595994,0.011434197425842285,0.08808979392051697,0.06780513375997543
Whisper-base,10,16b09Lb.wav,1,1,1,2.420044802420307e-05,0.5499711632728577,0.005297779105603695,8.21894864202477e-05,0.1919301450252533,0.2517951726913452,0.0008992899092845619
Whisper-base,10,16b09Wb.wav,0,0,1,0.9631087779998779,0.0009702279348857701,0.007178262807428837,0.015228880569338799,0.0057901181280612946,0.007365329656749964,0.0003583238576538861
Whisper-base,10,16b10Aa.wav,2,2,1,0.010803800076246262,0.010471401736140251,0.45138463377952576,0.3612837493419647,0.0027316284831613302,0.13316868245601654,0.030156098306179047
Whisper-base,10,16b10Eb.wav,5,3,0,0.002557047875598073,0.06955210119485855,0.014054674655199051,0.3750782608985901,0.002425697399303317,0.18190816044807434,0.35442405939102173
Whisper-base,10,16b10Fb.wav,3,3,1,0.12931165099143982,0.0012215444585308433,0.0023408327251672745,0.8415725827217102,0.0014562975848093629,0.018206454813480377,0.00589060178026557
Whisper-base,10,16b10Lb.wav,1,1,1,6.0316659073578194e-05,0.796425998210907,0.003927969373762608,0.00039639879832975566,0.12700124084949493,0.06016714125871658,0.012020973488688469
Whisper-base,10,16b10Tb.wav,4,4,1,1.3625250176119152e-05,0.07905825972557068,0.0011864505941048265,1.9441178665147163e-05,0.8718135952949524,0.047764312475919724,0.0001442141947336495
Whisper-base,10,16b10Td.wav,4,4,1,7.085903689585393e-06,0.021288448944687843,0.0001710064389044419,3.426519242566428e-06,0.9749472737312317,0.0035437867045402527,3.906154597643763e-05
Whisper-base,10,16b10Wa.wav,0,0,1,0.9668892025947571,0.0009330696775577962,0.009327533654868603,0.013013385236263275,0.0040392400696873665,0.0054221381433308125,0.00037552445428445935
Whisper-base,10,16b10Wb.wav,0,0,1,0.9631284475326538,0.00063258659793064,0.007720605935901403,0.018200276419520378,0.003504247637465596,0.00648050382733345,0.00033334968611598015
